Musteri Adi,Talep Edilen Urun,Talep Tarihi,Teslimat Adresi,Odeme Durumu
Jamie Roberts,indicate,2023-07-04 14:53:10,"Unit 2381 Box 0240
DPO AP 24862",Kismen Odendi
Anne Tran MD,month,2024-01-25 13:02:37,"5015 Deanna Island
Burgessborough, DE 27760",Odendi
Isabella Smith,key,2023-03-01 14:08:40,"399 Steven Gardens Apt. 191
South Richardfurt, OH 32951",Odenmedi
Amy Walker,act,2023-09-13 10:30:19,"63217 Baldwin Divide Suite 477
New Donaldchester, IA 84286",Odenmedi
Tanya Young,into,2023-05-16 10:11:29,"863 Morgan Junction Suite 808
Taylorstad, VA 88623",Odendi
Taylor Smith,hospital,2023-10-26 02:23:25,"PSC 8481, Box 1647
APO AE 19067",Kismen Odendi
Penny Shaw,this,2023-07-02 12:03:04,"31072 Torres Pines
Stewartborough, NY 69437",Kismen Odendi
Brenda Cooper,with,2023-04-12 19:53:18,"960 Mcdonald Road Apt. 097
Port Rosetown, OR 87575",Odendi
James Spencer,high,2023-06-28 01:49:42,"880 Michael Alley Apt. 648
Jennifertown, OR 15639",Odenmedi
John Daniels,event,2023-11-17 22:43:29,"USNV Howe
FPO AP 54117",Odenmedi
Cassandra Bean,attorney,2023-12-11 22:40:28,"19173 Dominguez Light Apt. 909
Thompsonport, AS 42630",Odenmedi
Jamie Caldwell,nature,2023-09-03 11:33:57,"866 Larry Crescent
Jermainefort, MI 77750",Kismen Odendi
Tyler Wells,man,2023-02-24 14:17:11,"880 Ramos Villages Suite 433
Ellisville, VA 26108",Odendi
Paula Graham,health,2023-03-10 16:45:04,"598 Anthony Falls
Rollinsberg, CO 57325",Kismen Odendi
Thomas Bishop,team,2023-06-23 09:50:13,"217 Cisneros Mews Apt. 682
New Barry, MO 95571",Odenmedi
Sarah Matthews,age,2023-05-01 04:46:14,"PSC 8846, Box 4478
APO AP 51417",Odendi
Dwayne Garcia,alone,2023-07-06 01:54:26,"4958 Brittany Shoal Suite 540
Port Sandraside, MS 10509",Odenmedi
Eric Flores MD,order,2023-05-30 11:26:09,"5181 Savage Valley Apt. 744
New David, NE 99755",Odenmedi
Nathaniel Baird,while,2023-06-06 06:30:55,"6162 Stephanie Squares Apt. 449
Johnport, RI 52558",Odenmedi
Gail Henderson,station,2023-12-08 07:02:16,"4639 Kimberly Court
Jadeborough, PR 71901",Odendi
John Mclean,race,2023-03-24 22:05:49,"63688 Ramirez Inlet
Williamsland, OR 59628",Odenmedi
Nancy Mitchell,themselves,2023-05-17 09:15:11,"96574 Tabitha Summit Suite 113
Joshuaborough, SC 60142",Kismen Odendi
Michael Davis,admit,2023-10-23 09:03:52,"739 Robin Shoals Apt. 746
Port Michelletown, MD 99558",Odendi
Rebecca Willis,see,2023-12-23 09:59:31,"89395 Miller Ramp Suite 818
Allenmouth, SC 90528",Kismen Odendi
Brittany Hall,next,2023-07-13 23:48:39,"42562 Rivera Grove Apt. 231
Danielton, NM 47976",Odenmedi
Justin Smith,heavy,2023-03-04 06:41:58,"1338 Janice Squares Suite 056
Petersonfurt, MH 61239",Odendi
Christopher Williams,know,2023-10-11 08:43:28,"98631 Larsen Loaf
Lake David, VT 75226",Kismen Odendi
Leslie Baker,land,2023-05-25 02:26:58,"62038 Grace Valley Suite 887
Mcintyrefort, AZ 35759",Odendi
Gregory Jensen,be,2023-10-18 18:47:39,"PSC 9842, Box 0004
APO AE 43917",Odendi
Jeffrey Harding,good,2024-01-21 21:55:19,"749 Hughes Inlet Suite 516
Tylerport, CT 59013",Kismen Odendi
Christopher Rodriguez,order,2023-03-09 23:09:14,"5928 Carter Highway
New Robertborough, NV 89754",Kismen Odendi
Adriana King,quickly,2023-02-20 19:46:52,"685 Meyers Oval
Davisport, MO 18875",Odendi
Erica Freeman,others,2023-11-03 14:24:16,"4576 Mendez Ridge
East Nicole, NE 50114",Kismen Odendi
Kristopher Reynolds,society,2023-07-09 10:48:07,"Unit 7837 Box 4770
DPO AP 91138",Kismen Odendi
Daniel Watson,series,2023-07-20 05:04:45,"Unit 3623 Box 8113
DPO AP 40067",Odenmedi
Shaun Wilson,couple,2023-12-23 04:00:06,"916 Stout Prairie
Ashleystad, KY 57579",Odenmedi
Julia Collins,almost,2023-06-06 21:50:56,"PSC 8674, Box 5278
APO AE 35589",Kismen Odendi
Donald Sanders,about,2023-10-31 18:55:27,"013 Smith Skyway Suite 545
North Valerieview, OH 94018",Odendi
Tiffany Pearson,idea,2024-01-07 04:19:55,"21942 Aaron Glens
Clementsview, NY 77563",Kismen Odendi
Brian Gaines,red,2023-09-21 17:12:19,"431 Bryan Coves
Taylorville, MD 36573",Kismen Odendi
Sarah Adams,bag,2023-04-27 15:42:48,"Unit 9546 Box 6530
DPO AA 22763",Odenmedi
Chloe Gray,few,2023-07-19 23:10:36,"46256 Kennedy Via
New Mariachester, WY 18037",Odenmedi
William George,heart,2024-02-06 03:33:37,"896 Adams Courts
Aaronview, OH 54915",Odenmedi
John Parks,first,2023-10-05 05:09:06,"8931 Jones Ways
North Markmouth, AS 44101",Kismen Odendi
Jorge Day,region,2023-09-11 08:29:32,"032 Smith Street Apt. 244
Colemanfort, OR 47641",Odenmedi
Jennifer Smith,art,2023-08-19 01:36:27,"93235 Robles Forges Suite 685
Olsonville, NC 48782",Kismen Odendi
Sarah Gutierrez,whose,2023-03-14 08:22:28,"269 Hernandez Hill
Port Richardtown, MS 48874",Odendi
Ryan Gutierrez,them,2023-09-08 21:16:13,"19050 Amber Heights
Dennistown, PW 84506",Odendi
James Norris,anyone,2023-08-20 14:43:47,"95218 Elizabeth Crossroad
Avilaburgh, MT 69758",Kismen Odendi
Cindy Bryant,industry,2023-08-24 12:29:05,"5091 Wendy Mountains Apt. 933
Samuelberg, NV 19863",Kismen Odendi
Amanda Stephens,know,2023-07-30 03:20:22,"3550 Lang Turnpike
South Stephen, TN 91331",Odenmedi
Cassandra Hall,later,2023-12-16 11:02:11,"64138 Johnston Prairie
Lozanoview, DC 84764",Odenmedi
David Price,though,2023-06-11 20:12:32,"8079 Carter Squares
Lake Brenda, HI 49203",Kismen Odendi
Elizabeth Avila,help,2023-12-29 10:35:25,"46571 Fields Forest
Pearsonshire, ND 44342",Odendi
Dawn Powers,list,2023-12-31 08:01:52,"9113 Cheryl Squares
Hodgesville, PR 54706",Odenmedi
Charles Moore,know,2023-11-16 05:20:01,"37135 Nixon Viaduct Suite 514
Tiffanyshire, PR 11416",Odendi
Aaron Johnston,describe,2023-12-27 10:03:58,"00307 Mary Viaduct Apt. 436
Flynnbury, FL 43380",Kismen Odendi
Victoria Schaefer,outside,2024-02-08 13:11:08,"45628 Adrian Hollow
North Teresa, CA 96082",Odenmedi
Jordan Cook,me,2023-04-18 23:41:26,"4136 Billy Stream Suite 126
North Jason, KY 30681",Kismen Odendi
Joshua Price,today,2024-01-25 08:05:26,"18188 Lewis Mall
North Timothy, OH 44046",Odendi
Joseph Griffin,nation,2023-10-16 08:59:47,"0293 Mcdonald Plains Suite 024
Darrenview, PW 76814",Odenmedi
Harry Fuentes,opportunity,2023-07-03 06:42:43,"357 Donald Ridge Apt. 780
North Michele, ND 69535",Odendi
Emily Miller,season,2024-02-11 14:28:54,"755 Ortiz Drives
Wilkinsfort, MO 58949",Kismen Odendi
Chelsea Lindsey,benefit,2023-02-20 18:41:24,"9260 Ruiz Valleys Suite 278
Lake Melvinstad, NC 20066",Kismen Odendi
Nancy Richardson,TV,2023-07-27 16:07:21,"37811 Clark Highway
Collierbury, RI 31537",Odendi
Ryan Huff,society,2023-12-12 14:47:58,"998 Stephanie Vista
West Mathewside, HI 56428",Kismen Odendi
Frank Gordon,sister,2023-07-23 17:58:09,"7237 Montoya Extensions
Zacharyville, SC 23366",Kismen Odendi
Kaylee Cook,home,2023-11-16 22:31:19,"93177 Adam Drives
Nelsonview, DE 18963",Odenmedi
Scott Beard,business,2023-12-03 15:05:37,"811 Fisher Island Apt. 920
North Christopherbury, VA 28990",Kismen Odendi
Laura Hobbs,opportunity,2023-05-13 03:09:41,"3907 Weaver Locks
Jonathanport, OK 64799",Kismen Odendi
Rhonda Atkins,at,2024-01-01 11:08:22,"907 Knight Valley
Port Derek, LA 59541",Odendi
Scott Booker,responsibility,2023-02-23 04:58:00,"21529 Conley Gateway Apt. 497
Alejandroport, GA 31427",Kismen Odendi
Eileen Kennedy,executive,2024-01-12 08:05:08,"0495 Kevin Course
Mackchester, IA 27065",Odenmedi
Catherine Smith,describe,2023-10-30 21:19:57,"95218 Heidi Ridge
Douglasshire, CA 61494",Odendi
Candice Johnson,whom,2023-08-09 00:20:40,"PSC 3775, Box 7719
APO AA 88117",Odendi
Austin Davis,assume,2023-12-16 17:35:58,"4862 William Roads
North Joshua, OR 92981",Kismen Odendi
Brandy James,key,2023-03-17 12:50:24,"618 Misty Path Suite 409
Lake Lucas, KY 03118",Kismen Odendi
Kimberly Bennett,power,2023-03-01 20:36:21,"Unit 2678 Box 3895
DPO AE 81190",Odenmedi
Joshua Sanchez,nearly,2023-03-04 02:28:00,"70695 Robinson Skyway
North Mark, OR 42211",Odenmedi
Carlos Moore,much,2023-06-21 22:59:23,"439 Bradley Loop Apt. 635
Delgadoshire, NV 04927",Kismen Odendi
Teresa Pierce,fear,2024-02-03 05:48:47,"403 Kelley Walk Apt. 817
Lake Jasonport, FM 97399",Odendi
Ryan Hicks,than,2023-04-08 13:41:50,"5335 Nancy Ports
South Donna, MT 06635",Kismen Odendi
Melissa Taylor,wide,2023-07-10 11:19:35,"242 Tran Place
New Richardborough, AK 90721",Kismen Odendi
Tiffany Oliver,base,2024-01-03 02:31:43,"5940 Thornton Spurs Suite 073
Cordovaburgh, RI 19172",Odenmedi
Whitney Richardson,part,2024-01-02 13:02:28,"0837 Walker Plains Apt. 554
East Sara, OH 46476",Kismen Odendi
Stephanie Roberts,strategy,2023-12-11 14:27:57,"USCGC Mendoza
FPO AP 45214",Odendi
David Shelton,ok,2023-06-18 16:18:28,"57075 Angel Lake Apt. 119
East Gabrielle, AR 14245",Odenmedi
Melinda Martin,good,2023-07-03 05:06:14,"988 Burnett Spurs Suite 453
West Andreafort, TN 24849",Odenmedi
Vickie Moore,leave,2023-06-19 01:15:16,"53867 Saunders Motorway Apt. 563
West Tanya, MS 66005",Odendi
Scott Murphy,management,2023-02-28 08:46:06,"769 Deborah Streets
Timothystad, OH 08990",Odenmedi
Penny Johnson,machine,2023-09-21 19:27:39,"PSC 6448, Box 4039
APO AA 08192",Kismen Odendi
Brian Mercer,provide,2023-07-20 01:37:57,"99641 Melissa Mission Suite 489
South Leonardport, NY 28076",Kismen Odendi
Becky Hampton,another,2023-12-10 00:26:22,"45103 Glover Trace Suite 150
Hammondfurt, MO 88391",Odenmedi
Bruce Austin,color,2023-07-16 15:51:16,"276 Sean Lodge
Davidburgh, MA 67101",Kismen Odendi
Julie Mora,public,2023-12-22 09:45:46,"2423 Kaufman Path Suite 014
Sueside, ME 55634",Odendi
Robin Burns,chair,2023-06-27 21:24:56,"9074 James Shores
New Levi, AR 41722",Kismen Odendi
Kenneth Alexander,executive,2023-05-09 11:32:11,"PSC 4271, Box 0475
APO AP 07141",Odenmedi
Elaine English,economic,2023-10-18 07:22:45,"242 Brian Manor Suite 411
New Jeremyberg, LA 36344",Odendi
Matthew Mcdonald,election,2023-10-03 11:06:45,"183 Jason Spur Suite 078
North Stevenmouth, MH 75564",Kismen Odendi
Sonia Morris,fund,2023-07-20 21:55:51,"89321 Martin Circles
Lake Casey, AR 01842",Odenmedi
Marcus Montoya,number,2023-07-27 12:35:23,"1688 Martin Ways Apt. 163
Carlosview, VA 07414",Kismen Odendi
Tonya Jackson,rest,2023-03-01 22:28:33,"02819 Gail Roads
South Claudiashire, NJ 20644",Odenmedi
David Marsh,with,2023-08-01 00:57:36,"0590 Diaz River
East Scotthaven, MD 53963",Kismen Odendi
James Hodges,five,2023-05-05 03:24:57,"29021 Michael Ports
Matthewsport, NY 91210",Kismen Odendi
Edward Weeks,candidate,2024-01-26 21:44:26,"831 Long Avenue Suite 767
Kathleenmouth, CA 38410",Odenmedi
Cindy Butler,raise,2023-09-29 17:04:55,"2952 Garner Tunnel Suite 248
Lake Danastad, MA 09764",Kismen Odendi
Tracey Christensen,price,2023-06-23 18:29:53,"788 Frye Well
New Elizabethmouth, WI 85751",Odendi
Rachel Davis MD,boy,2023-12-20 23:09:30,"0275 Brown Station
North Kimberlystad, KY 08486",Kismen Odendi
David Hall,writer,2024-02-09 16:06:35,"388 Todd Brooks Apt. 533
Micheleview, UT 24222",Odendi
James Brown,area,2024-01-17 18:11:20,"596 Jose Stream
Lake Ravenbury, HI 42373",Odendi
Kathleen Glenn,field,2023-06-17 18:10:40,"52973 Gray Terrace Suite 778
Williamsville, ID 48215",Odenmedi
Natasha Hensley,medical,2023-11-14 09:31:03,"7779 Zachary Stravenue Apt. 348
Davisshire, IN 26421",Odenmedi
Jill Henderson,discussion,2023-11-01 21:42:40,"6280 Medina Spring Apt. 647
Coffeyberg, WY 25617",Kismen Odendi
Cynthia Padilla,six,2024-02-13 17:58:34,"982 Alexander Station Apt. 940
Lake Angelastad, GU 67786",Odenmedi
Daniel Jenkins,cell,2023-07-04 11:53:19,"41198 Walker Point Suite 782
Karafort, GU 31572",Kismen Odendi
Dana Rodriguez,save,2023-03-24 17:26:29,"36835 Michael Mall
Port Joseph, MN 67092",Kismen Odendi
Craig Shaw,general,2024-01-24 05:23:39,"86994 Nicole Islands
Georgetown, AR 54323",Kismen Odendi
Hannah Underwood MD,mean,2023-04-08 19:40:08,"58227 Price Prairie Apt. 317
East Katherinechester, ND 68842",Kismen Odendi
Heather Alvarado,learn,2023-10-13 01:55:04,"81826 Lucero Key Apt. 594
Lake Jonathantown, OH 80427",Kismen Odendi
Tina Hobbs,story,2023-02-22 05:00:35,"2051 Cohen Lodge Apt. 882
North Davidfurt, IA 94103",Kismen Odendi
Kathleen Klein,animal,2023-10-26 20:19:07,"Unit 9695 Box 1931
DPO AP 33001",Odendi
Cameron Mccullough,require,2023-08-10 15:14:56,"565 Angela Locks Apt. 910
Danielborough, GA 85654",Odendi
James Baker,oil,2024-01-14 09:17:59,"474 Andrew Meadows Suite 146
West Samanthaburgh, AZ 54458",Kismen Odendi
Amber Marquez,detail,2023-06-26 15:39:55,"995 Cindy Burgs Suite 570
North Samanthamouth, MS 45481",Odenmedi
Monique Peck,add,2023-09-13 17:49:15,"73544 Robles Mountains Suite 968
West Joel, NJ 67594",Odendi
Jacob Stephens,form,2023-11-18 02:29:45,"84848 Kimberly Shores Suite 307
New Mary, PW 65143",Kismen Odendi
Todd Weber,leader,2023-03-09 05:44:58,"46418 Danielle Harbor
Reneeshire, VA 21566",Odenmedi
Kim Washington,station,2023-07-03 03:51:36,"65221 Brianna Crossing
Haydenstad, AS 44145",Odenmedi
Erika Cain,rock,2023-02-22 21:40:09,"USNS Smith
FPO AE 79778",Odendi
Janice Jones,war,2024-01-01 06:27:51,"77912 Sharon Mill
Taylormouth, OK 06980",Kismen Odendi
Thomas Rodriguez,professor,2023-03-14 23:30:09,"9277 Melanie Springs
South Shawntown, PR 24235",Kismen Odendi
Gary Jackson,impact,2023-04-24 04:29:23,"84104 Ashley Tunnel
West Diane, ID 28063",Kismen Odendi
Catherine Caldwell,during,2024-01-24 04:56:08,"USNV Garcia
FPO AE 14666",Odenmedi
Marissa Short,common,2023-11-17 05:47:45,"5422 Michael Corner
Brandiborough, WI 19099",Kismen Odendi
Mr. Leslie Abbott,result,2023-05-06 09:14:25,"04203 Patricia Crossing
New Jessica, WY 77712",Odendi
Brandy Quinn,society,2023-03-22 23:37:46,"7401 Gonzalez View Apt. 904
West Elizabeth, OH 33167",Odendi
Erin Parker,east,2023-05-23 14:02:15,"Unit 5571 Box 4821
DPO AP 92575",Kismen Odendi
Gavin Brown,find,2023-08-06 18:28:26,"9371 Collier Wall Apt. 026
North Sandra, AK 22837",Kismen Odendi
Jared Raymond,machine,2023-10-21 15:25:17,"73900 Hunter Pine
Williamsfort, PW 39036",Kismen Odendi
Timothy Kim,interest,2023-04-28 13:01:13,"3738 Wood Station
Jenniferfort, VT 03746",Odenmedi
Derek Wright,current,2023-06-28 05:22:00,"USS Moore
FPO AP 89895",Kismen Odendi
Angela Blankenship,doctor,2023-05-09 00:03:05,"12501 Hanson Row Apt. 613
Sheppardfort, NM 20762",Kismen Odendi
Russell House,case,2023-04-14 00:50:51,"2129 Austin Well Suite 764
Justinhaven, PW 04305",Odendi
Andrew Kramer,result,2024-02-12 18:58:10,"26560 Martinez Loaf
South Dennischester, NJ 32490",Odenmedi
Brooke Nelson,pull,2023-06-05 06:34:18,"0742 Charles Mount Apt. 397
Melaniefurt, ND 79597",Odendi
Michael Mcguire,appear,2023-09-22 17:33:04,"32315 Waters Cove
Mcintyrebury, MI 42015",Odendi
Benjamin Chavez,role,2024-01-28 18:55:01,"383 Melissa Trail Suite 542
Port Amyton, MT 78046",Odenmedi
Lisa King,girl,2023-12-02 07:11:45,"5016 Michelle Valleys Apt. 152
North Kimstad, MA 93076",Odenmedi
Theresa Weber,history,2023-05-17 07:55:18,"29303 Steven Wells Apt. 750
East Alexander, RI 67286",Odendi
Holly Martinez,couple,2023-10-23 03:10:52,"471 Vincent Crossing Suite 889
Fergusonshire, OK 11884",Odendi
Jesse Stafford,focus,2023-12-15 13:11:07,"00190 Aimee Creek Suite 190
Burnsville, MS 89946",Odendi
Brandy Gay,project,2024-01-14 20:21:04,"768 Corey Viaduct Apt. 637
Lake Markfort, OH 62879",Odenmedi
Michaela Miller,able,2023-10-06 20:23:00,"0244 Peters Glen
South Ryanhaven, MP 55062",Odendi
Terry Mckinney,participant,2023-09-05 18:53:08,"5467 Green Ports Apt. 061
Turnermouth, UT 50520",Odendi
Richard Howard,color,2023-12-10 02:11:36,"9664 Campbell Bypass Suite 587
South Sandra, TX 27919",Odendi
Stephen Newton,east,2023-03-11 23:15:53,"9172 Thompson Branch
Christinatown, NJ 15800",Kismen Odendi
Mrs. Brandi Tucker,market,2023-05-04 04:45:18,"227 May Turnpike
Joshualand, FL 90248",Odenmedi
James Sweeney,civil,2023-10-31 01:34:27,"6458 Chambers Curve Suite 745
Pamelaburgh, IN 87757",Odendi
Phillip Williams,shoulder,2023-10-24 20:52:20,"12643 Harris Forge
Lake Maria, ME 15649",Odendi
Joshua Taylor,fine,2024-01-31 08:08:09,"59635 Robinson Manors
West Kathryn, MH 50384",Odenmedi
Ashlee Johnson,your,2023-10-22 08:20:46,"45193 Paul Ridges Apt. 555
South Samanthashire, WI 28920",Odendi
Sue Meyers,although,2023-11-11 08:37:23,"75922 Melanie Club
South Amandaview, DE 06019",Odendi
Christopher Bishop,white,2023-05-18 08:18:11,"USCGC Sanchez
FPO AA 08650",Odendi
Cassandra Huang,own,2023-09-01 13:23:16,"83089 Brian Ways
North Stephanieborough, CA 93074",Odenmedi
Holly Smith,start,2023-07-21 00:41:16,"69492 Wilkerson Well Suite 974
South Michael, KS 96627",Odendi
James Heath,campaign,2024-02-18 23:23:12,"984 Michael Port
Turnerside, OK 44294",Kismen Odendi
Kevin Hughes,manager,2023-07-07 22:52:18,"8294 Mathew Pines
Kylemouth, FL 25003",Kismen Odendi
Julie Chen,stage,2023-11-27 22:14:00,"58897 Lewis Forest
Youngton, AZ 54810",Odendi
Karen Johnson,suggest,2023-07-17 17:06:33,"9837 Jose Circles
North Megan, TX 37889",Odenmedi
Melissa Coleman,various,2023-05-02 09:51:33,"447 Dennis Forest
Clarkeport, UT 36060",Kismen Odendi
Rose Lawson,tell,2023-08-19 17:22:56,"96053 Gibson Avenue
West George, CA 59755",Kismen Odendi
Jennifer Smith,effect,2023-10-13 13:25:55,"PSC 8898, Box 8145
APO AP 74028",Odendi
Jamie Duffy,economic,2023-02-28 12:02:42,"09916 Hancock Center
North John, PW 86152",Odenmedi
Deborah Coleman,trial,2023-05-22 15:33:37,"4006 Martin Mews Apt. 715
Littleberg, PA 90641",Odendi
Trevor Rodriguez,day,2023-07-27 16:15:17,"352 Aguilar Way Apt. 196
Nicholeview, ME 31955",Odendi
Nancy Delacruz,manager,2024-02-13 13:39:13,"613 Snow Turnpike Apt. 707
Port Lisa, VI 42499",Odenmedi
Holly Jackson,five,2023-08-27 22:22:23,"112 Roberts Canyon
East Nicole, OR 06799",Odendi
Brett Hess,theory,2023-04-26 17:49:51,"10348 Parker Crossing Apt. 285
South Angela, NV 82275",Odenmedi
Olivia Williams,staff,2024-02-12 18:13:40,"883 Martinez Harbor Suite 115
South Jeffreybury, GA 14238",Odenmedi
Jeremy Stevenson MD,enter,2023-12-18 04:53:25,"241 Munoz Drives Apt. 656
Mitchelltown, WV 79353",Odenmedi
Christopher Ward,mind,2024-01-01 08:13:44,"872 Cristina Groves
Antoniofort, AL 12780",Kismen Odendi
Deanna Stewart,pay,2023-03-24 14:48:10,"04691 Emily Point Suite 550
Joshuaport, MA 04805",Kismen Odendi
Valerie Rivers,skin,2023-09-15 05:30:43,"86513 Lee Forks Suite 879
South Ashley, VI 81172",Odenmedi
Justin Hawkins,million,2023-06-28 22:31:35,"6968 Teresa Mount Suite 077
Lopezberg, NC 52513",Kismen Odendi
Matthew Moon,dark,2023-05-23 11:44:59,"PSC 1693, Box 2888
APO AE 30758",Kismen Odendi
Jeffrey Bush,apply,2023-02-23 19:59:32,"60275 Billy Groves
West Brittneyville, AK 06816",Odenmedi
Jacob Stark,important,2023-12-30 10:10:19,"0027 Denise Centers Apt. 429
West Dustin, CT 37726",Odendi
Heidi Sandoval,leg,2023-05-05 08:37:10,"1108 Richard Manors Apt. 629
Cassandrafort, NM 89127",Odendi
Stacy Snyder,firm,2024-01-08 15:56:48,"2081 Joseph Mall
Johnnyborough, VI 81517",Odenmedi
Katie Matthews,again,2023-10-21 07:31:56,"65650 Washington Squares Suite 378
Frazierburgh, AL 14591",Kismen Odendi
Bryan Ford,travel,2023-12-08 05:14:08,"USS Walker
FPO AE 44803",Odendi
Robert Montoya,wait,2023-08-09 22:46:08,"011 Kylie Groves Apt. 516
New Sandraside, MT 83253",Odenmedi
Susan Vasquez,military,2024-01-10 13:02:14,"24629 Evan Plaza
East Daniel, CO 64901",Kismen Odendi
Michael Strickland,through,2023-06-27 11:19:53,"67992 Foster Fall
West Desiree, OK 33472",Odenmedi
Steven Mccullough,little,2023-12-01 16:36:34,"5576 Sheila Islands Apt. 310
New Apriltown, CA 51066",Odenmedi
Justin Murray,risk,2023-07-22 08:10:04,"USCGC Hooper
FPO AA 73341",Odenmedi
Scott Brown,travel,2024-01-23 20:40:15,"398 Brooks Heights Suite 377
West Aprilchester, LA 64657",Kismen Odendi
Frank Russell,development,2023-03-27 16:09:49,"578 James Manors Suite 515
Lauraside, AR 31131",Kismen Odendi
Kimberly Ray,crime,2023-09-22 09:14:52,"7049 Jenkins Islands
North Kristen, DC 82080",Odenmedi
Tanya Willis,consumer,2023-09-16 06:26:50,"960 Ware Passage
Gardnerburgh, MI 61631",Kismen Odendi
Barbara Smith,second,2024-01-23 19:14:40,"9350 David Drives Apt. 386
Simpsonmouth, GA 99708",Odenmedi
Kevin Rodriguez,painting,2023-12-12 01:02:09,"65718 Brian Overpass
Andreaburgh, MP 44272",Odenmedi
Lisa Conner,discover,2023-05-31 15:57:03,"USS Sloan
FPO AE 37455",Kismen Odendi
Amy Garcia,skin,2023-04-21 14:14:35,"4643 Kimberly Stream
Aaronview, MH 28953",Kismen Odendi
Evelyn Nolan,thousand,2023-06-25 19:32:12,"48469 Ryan Summit Suite 664
Ruizburgh, KS 11347",Odendi
Scott Williams,debate,2023-07-12 09:14:06,"2556 Elizabeth Islands Suite 098
West Jenniferbury, IA 16213",Odenmedi
Mrs. Courtney Thompson,ask,2023-11-15 14:12:35,"61688 Hardin Views
North Alicia, AR 40237",Kismen Odendi
Adrienne Velez,story,2023-06-03 00:21:31,"USS Rivera
FPO AA 74966",Odenmedi
Donna Brown,new,2023-09-23 07:05:25,"4973 Gardner Pass
Jameshaven, NV 09881",Odendi
Keith Stark,black,2023-12-30 04:36:59,"90770 White Square Apt. 685
Port Mariamouth, NE 62912",Kismen Odendi
Sharon Cooper,factor,2023-11-09 14:44:59,"889 Charles Place Suite 039
Robertatown, OR 91932",Kismen Odendi
Bryan Barton,himself,2023-11-05 07:13:57,"6808 Latoya Falls
Garciaton, PW 93843",Odenmedi
Jordan Harris,nation,2023-11-18 14:55:19,"200 Samuel Springs Apt. 963
New John, WY 12382",Odenmedi
Annette Roberts,miss,2023-05-24 21:12:10,"9840 Carlson Field Suite 039
Kathyland, LA 02059",Odenmedi
April Vargas,young,2023-04-26 08:38:44,"38260 Rodriguez Pines Suite 918
Michaelfurt, KY 20054",Kismen Odendi
Brittany Jones,thank,2024-02-07 23:36:39,"467 King Common Apt. 809
Jamieport, AL 64593",Kismen Odendi
Victoria Gonzalez,difficult,2023-03-24 03:16:01,"USS Hughes
FPO AE 98707",Kismen Odendi
Jonathan Turner,appear,2023-07-27 08:44:39,"555 Hendricks Manor Suite 728
Port Dawn, AS 49187",Odenmedi
Jacob Johnston,power,2023-05-05 10:54:03,"84229 Benton Inlet Suite 079
South Erin, IL 97352",Odendi
Thomas Velazquez,section,2023-08-29 07:45:32,"4816 Hull Viaduct Apt. 360
West Kristifort, OR 10887",Kismen Odendi
Erik Gonzalez,effort,2023-11-14 05:16:22,"6092 Christopher Islands
Richardchester, PA 85618",Odendi
Robert Gonzalez,help,2023-06-05 15:29:58,"907 Johnson Cliffs Suite 737
Teresaview, IL 32171",Kismen Odendi
Justin Brooks,option,2023-11-14 19:55:27,"1147 Erica Field
Dawnfort, ID 79513",Odendi
Leah Higgins MD,knowledge,2023-09-28 16:41:02,"48328 Williams Valley
Port Donnamouth, CA 27111",Kismen Odendi
Kimberly Nixon,someone,2023-07-18 09:36:39,"80503 Edward Port
South Meganton, MO 83619",Odendi
Sarah Dixon,grow,2024-02-18 17:58:48,"57941 Brown Valleys
South Amanda, WI 63350",Odendi
Brandy Gallagher,right,2023-04-05 07:40:42,"Unit 8744 Box 2567
DPO AA 24526",Odenmedi
Eric Caldwell,central,2023-04-02 19:59:20,"151 Mccormick Point
Rachelland, NH 20757",Kismen Odendi
Matthew Gutierrez,chair,2023-12-07 14:24:11,"59167 Sean Pike Suite 406
Christyport, WI 50772",Kismen Odendi
Anita Mcneil,west,2023-04-08 01:52:39,"680 Gutierrez Spring Suite 911
Kellystad, MO 22692",Odenmedi
Sarah Newton,weight,2023-08-05 06:30:33,"904 Jerry Harbors
Jenniferborough, RI 27848",Odendi
Rhonda Murphy,anyone,2023-11-28 15:08:09,"589 Robert Gardens
Willisview, NY 11068",Kismen Odendi
Connor Smith,poor,2023-09-30 14:12:01,"5870 Harris Groves
North Nicole, VI 56143",Odenmedi
Margaret Smith,than,2023-10-31 07:12:25,"USS Stewart
FPO AP 79255",Kismen Odendi
Ronnie Adams,individual,2023-10-12 14:22:26,"393 Ray Shores Suite 884
South Jeffreychester, NC 36985",Odenmedi
Kyle Goodman,loss,2023-03-16 21:12:58,"USNS Richardson
FPO AA 63157",Kismen Odendi
Kenneth Leonard,decide,2024-01-10 21:24:38,"3565 Joseph Forest
Andrewmouth, PR 28666",Odendi
Adam Day,hard,2023-04-03 10:38:24,"2495 Cantrell Courts
Williambury, OR 60359",Kismen Odendi
Ashley Riley,pressure,2023-11-10 04:43:26,"9449 Bailey Dale Suite 806
Melissaton, NC 31577",Odenmedi
Chad Moore,wall,2023-07-12 19:29:14,"PSC 2040, Box 7802
APO AE 02838",Kismen Odendi
Mariah Berry,why,2023-11-20 06:59:46,"04701 Erickson Junctions Suite 793
South Corey, PW 54271",Odendi
Laura Dixon,fight,2023-04-11 21:02:56,"3738 Teresa Square
West Alanstad, ND 37409",Odendi
Alice Fuller,difference,2024-01-09 02:53:11,"Unit 7445 Box 6189
DPO AP 21608",Kismen Odendi
Charles Morrison,prevent,2024-01-08 05:05:58,"PSC 6303, Box 8853
APO AA 50115",Odendi
Sarah White,cover,2023-11-07 20:47:25,"72333 Allen Locks Suite 218
Nicolefurt, VI 14987",Odendi
Connor Hernandez,pressure,2023-09-27 02:28:26,"0744 Ryan Alley
South Gabrielle, SD 39778",Odendi
Matthew Blanchard,relate,2024-01-05 20:43:02,"4105 Moss Walks
East Shannon, NM 22494",Odenmedi
Luke Miller,professor,2023-09-23 08:23:43,"077 Kimberly Place Apt. 072
New Bianca, CO 27659",Odenmedi
Michael Baker,interesting,2023-07-05 10:09:26,"706 Curtis Run Suite 645
Lake Mark, SC 99152",Kismen Odendi
Dawn Chen,again,2023-08-17 12:15:00,"6007 Guzman Divide Apt. 332
Christopherfort, LA 19123",Odenmedi
Gary Montoya,billion,2023-08-31 04:49:06,"Unit 6765 Box 4220
DPO AP 87622",Odenmedi
Antonio Sharp,remember,2024-01-09 05:15:06,"43356 Wendy Springs Apt. 592
Christophertown, AL 24704",Odenmedi
Matthew Mcdonald,could,2023-08-03 08:06:56,"2655 Herrera Port Apt. 923
Hinesmouth, TN 28716",Kismen Odendi
Jill Mcpherson,plan,2024-01-19 00:47:26,"4813 Robin Road
East Andrewburgh, SC 53506",Odenmedi
Jeanne Phillips,fast,2023-11-19 22:55:28,"5124 Cline Rapids
South Zachary, CT 61699",Odendi
Jennifer Alvarez,project,2023-06-17 21:00:27,"2681 Oconnor Meadow Suite 679
Colliershire, TX 62169",Odenmedi
Joe Lowe,magazine,2023-06-28 03:06:04,"5314 Collins Terrace
Alexanderport, PW 48737",Odendi
Mary Burns,attention,2023-03-12 00:38:44,"71670 William Via
Lukefurt, CA 42722",Odendi
Eddie Lowery,image,2023-10-22 10:25:03,"3639 Lopez Throughway
Jasonborough, IN 57938",Kismen Odendi
Brianna Hill,seem,2023-08-18 21:02:05,"USNV Woods
FPO AP 17907",Odendi
Ashley Murphy,receive,2023-12-04 17:51:37,"4515 James Centers Apt. 873
Jasonfort, KS 56899",Odendi
Barbara Jimenez,majority,2023-06-01 12:00:06,"6447 Anthony Estate Apt. 404
Port Kurt, OK 71660",Odenmedi
Thomas Perez,laugh,2023-11-06 03:47:46,"6610 Clark Ferry Apt. 874
Destinyfort, CA 04793",Odendi
Elizabeth Sanchez,course,2023-09-13 03:30:34,"48439 Torres Village
Cantrellport, MO 42970",Odenmedi
Kaitlin Ellis,allow,2023-06-06 00:46:53,"680 Martin Roads Suite 259
Chrisport, GU 53603",Kismen Odendi
Vanessa Barnett,son,2023-03-05 19:27:04,"584 Baldwin Prairie
Davidmouth, MH 35888",Odendi
Heidi Reyes,sea,2023-03-27 03:58:03,"3555 Richard Landing
Wumouth, NV 94859",Odendi
Lisa Horton,purpose,2023-08-27 01:58:25,"6918 Steele Field
Brookeview, TN 42586",Kismen Odendi
Elizabeth Park,spring,2023-06-02 10:43:20,"2987 Chelsea Squares
Carlsonborough, HI 18234",Odendi
James Holland,during,2023-08-01 14:41:55,"77580 Lisa Route
East Michaelport, PR 87084",Odendi
Rachel Kim,me,2024-02-07 13:46:37,"Unit 1465 Box 1966
DPO AE 92449",Kismen Odendi
Ruben Wiley,wait,2023-08-18 10:16:28,"80378 Clayton Parkways
Phillipsport, OH 21057",Odendi
Thomas Bennett,north,2023-05-03 09:30:22,"15323 Jamie Isle
Port Julie, ID 11606",Odenmedi
Debra Santiago,available,2023-03-27 05:38:24,"46237 Esparza Ramp Apt. 423
North Lauraberg, NJ 42469",Odendi
Robert Gonzalez,couple,2023-11-22 01:12:00,"1762 Carter Spring Apt. 107
South Brittanyport, MN 02543",Odenmedi
James Jefferson,fear,2023-11-02 22:05:56,"PSC 7644, Box 9491
APO AP 42696",Odenmedi
Eugene Petersen,better,2023-09-14 07:45:22,"288 Deborah Ridge
Chadton, AS 66225",Kismen Odendi
Monique Trujillo,like,2023-07-01 21:34:24,"257 Michael Lodge
East Paultown, WI 38131",Kismen Odendi
Kathy Thompson,deep,2023-08-26 07:08:03,"894 Gallagher Gateway Suite 465
Williemouth, ID 07084",Odenmedi
Sean Hernandez,why,2023-07-10 05:44:01,"1812 Padilla Prairie Apt. 586
Lake Thomas, NE 49829",Kismen Odendi
Loretta Kennedy,size,2024-01-22 06:07:12,"9832 Crystal Locks
Elizabethberg, NY 63514",Kismen Odendi
Anthony Jenkins,notice,2024-01-04 07:28:05,"7839 Christina Plain Apt. 419
North Austin, RI 62204",Odendi
Sheila Newton,see,2023-09-04 16:41:40,"158 Antonio Mountains
West Jenniferstad, AS 30791",Odendi
Susan Bailey,either,2023-10-29 15:05:05,"978 Owens Lane
Schneiderfort, PA 31998",Odenmedi
Francisco Warren,song,2024-01-26 07:10:47,"47676 Owens Trace
East Timothyshire, FL 22954",Odendi
Corey Morris,draw,2023-05-16 06:16:47,"42937 Scott Field
Port Troyberg, HI 64941",Odenmedi
Jeffrey Bartlett,rule,2023-09-08 11:16:42,"474 Deborah Glen
West Stephenburgh, UT 79914",Odendi
Cheryl Armstrong,rate,2023-07-18 17:11:04,"USCGC Martin
FPO AP 53398",Odendi
Jaime Jones,office,2024-02-18 13:55:37,"723 Hector Harbor Apt. 469
Lake Kimberly, MS 26550",Odendi
Pamela Rodriguez,gun,2023-09-07 02:52:33,"3855 Anna Trail Apt. 138
Lake Jenniferfort, RI 94235",Kismen Odendi
Mark Stewart,man,2023-10-01 16:14:41,"467 Potts Fort Suite 734
New Michaelfurt, WY 17990",Odenmedi
Jennifer Garcia,buy,2023-11-05 21:38:21,"92402 Hernandez Fork Apt. 072
Lake Tammy, SD 72242",Odendi
Sandra Brooks,big,2023-03-14 07:31:39,"71135 Dylan Trail
Brownshire, NJ 05015",Odendi
Michael Villanueva,style,2023-08-23 09:22:25,"33056 Riley Road
Andrewsmouth, FM 45774",Odenmedi
Larry Simmons,relate,2023-12-08 22:54:54,"620 Kim Stream Suite 452
Port Daniel, MI 19790",Kismen Odendi
Jeffrey Byrd,action,2023-06-25 02:48:39,"1591 Devin Park Suite 255
Margaretstad, MI 59213",Kismen Odendi
Patricia Oconnor,act,2023-05-22 18:31:02,"59914 Jennifer Meadow Apt. 235
Kimtown, CT 51392",Odenmedi
Joshua Duncan,able,2023-10-25 05:42:31,"316 Mitchell Row Apt. 293
Hollandmouth, MI 22744",Odenmedi
Jennifer Lopez,allow,2023-11-23 06:10:53,"687 Lopez Fort Suite 889
Lewisville, NC 53602",Kismen Odendi
Jennifer Manning,customer,2023-02-26 08:38:30,"9473 Ashley Villages Suite 729
West Sarah, VT 38938",Kismen Odendi
Robert Klein,current,2024-02-01 00:38:31,"6123 Christian Hill
Rossborough, SC 55448",Odenmedi
Keith Harris,rock,2023-04-28 16:10:42,"5305 Lauren Ports
Lake Kimberly, MH 83354",Kismen Odendi
Monica Anthony,charge,2024-01-29 18:11:20,"89716 Susan Knolls Suite 139
West Maureen, LA 78590",Kismen Odendi
Don Harrison,move,2023-05-02 06:18:22,"PSC 8735, Box 5262
APO AP 04331",Kismen Odendi
Susan Scott,source,2023-10-20 01:20:08,"47418 Simpson Forges Suite 441
New Thomasburgh, WY 36588",Odendi
Michael Hall IV,hold,2023-12-09 02:07:58,"135 Donald Crossing
South Alanville, NE 49691",Odendi
Janice Gordon,skill,2023-10-17 04:37:53,"77811 Joshua Village
New Shawnchester, MA 12464",Odenmedi
Lisa Reeves,so,2023-11-22 06:18:22,"89708 Pugh Row
North Jillianview, UT 56398",Odendi
Eric Parker,wind,2023-03-11 15:46:17,"4008 Catherine Circle Suite 469
Lake Rebeccashire, NV 55989",Kismen Odendi
Carly Spears,issue,2023-08-05 05:51:38,"395 Kevin Ferry
Samuelchester, FL 02012",Odenmedi
Crystal White,space,2023-10-07 08:01:37,"7001 Kenneth Dale
Brendatown, RI 80174",Odenmedi
Tammy Patterson,actually,2023-04-11 21:45:48,"9183 Janet Village
Port Brian, NC 50101",Kismen Odendi
Darren Johnson Jr.,difference,2023-09-20 22:27:51,"3204 Kendra Walk Apt. 347
Meltontown, GA 17494",Odenmedi
Crystal Williams,development,2023-07-27 08:32:04,"479 Cardenas Prairie
New Donald, AL 90450",Odendi
Alfred Bailey,return,2023-04-07 07:13:07,"578 Jacob Alley Suite 089
South Karen, AR 73167",Odenmedi
Deborah Wright,project,2023-02-24 08:14:58,"USCGC Carson
FPO AP 70959",Odenmedi
Jesus Ball MD,dark,2023-10-10 22:01:15,"024 Johnson Wells Suite 099
West Jim, MT 43527",Odenmedi
Juan Walker,seat,2023-04-28 16:18:54,"USCGC Barnett
FPO AP 59556",Odenmedi
Sarah Collins,truth,2023-07-01 17:59:13,"5161 Brian Dale Apt. 578
Richardstad, VI 59193",Kismen Odendi
Kristen Mitchell,here,2023-05-10 23:44:10,"90030 Joseph Ports
Kevintown, RI 62946",Odendi
Sean Simmons,three,2023-11-06 17:57:42,"584 Coleman Crossing
Port David, NY 08268",Odenmedi
John Carter,tell,2023-06-18 02:14:06,"8775 Edward Extension Apt. 655
Diazfurt, MP 87323",Kismen Odendi
Jennifer Griffith,sea,2023-05-10 15:00:55,"32673 Marcia Vista Suite 729
Wallaceberg, KY 62338",Odenmedi
Alex Lindsey,forget,2023-04-17 16:54:59,"3231 Sean Island
Brentside, ID 32314",Odenmedi
Kristin Gonzalez,news,2023-06-04 23:03:47,"534 Michelle Village
North Thomas, IL 88260",Odenmedi
Amy Garner,security,2024-01-15 02:40:22,"7885 Saunders Island Suite 682
Rachelberg, TN 22788",Odendi
Robert Bryant,look,2023-09-14 13:13:38,"97297 Washington Meadows Suite 163
Velezstad, TX 68845",Kismen Odendi
Brian Hanson,sense,2023-06-26 08:20:13,"878 Sabrina Mill Suite 140
East Kevinton, NJ 51205",Odendi
Marissa Clark,former,2023-12-17 12:43:49,"2964 Kayla Harbor
Port Kevin, MA 85696",Kismen Odendi
Thomas Ortiz,relate,2023-05-28 07:57:39,"99333 Hall Drive Suite 329
Lisaside, GU 35810",Odendi
David Griffith,push,2023-09-27 03:55:24,"52114 Davis Roads Suite 090
Port Christina, KY 11707",Kismen Odendi
Mr. Ronald Washington,together,2023-12-08 08:40:46,"2929 David Crescent
Port Candace, CA 04893",Odendi
Melissa Bonilla,rate,2023-11-19 05:05:30,"USCGC Hoffman
FPO AE 84878",Odendi
James Johnson,maintain,2024-01-11 15:53:25,"163 Craig Mountains Apt. 270
West Joe, NC 35831",Odenmedi
Brooke Bowers,soldier,2023-03-24 14:48:55,"89475 Ford Vista Suite 697
Jackfurt, TX 17665",Kismen Odendi
Tonya Sherman,all,2023-12-02 14:27:52,"17246 Lee Row
South Tanyaside, NH 84443",Odendi
Shaun Preston,development,2023-06-20 15:29:09,"86360 Wayne Springs
Kellymouth, SD 09286",Odenmedi
Mr. Kenneth Webb DVM,firm,2023-03-19 16:51:02,"54478 Janice Path Apt. 135
West Ashley, CA 07824",Odenmedi
Patricia Washington,amount,2023-04-11 06:45:45,"54122 James Views
Thomasburgh, GA 16535",Odendi
Phyllis Tucker,want,2024-01-10 10:18:06,"0386 Margaret Street Suite 356
West Ronaldside, OK 33066",Odendi
Anna Hunter,Congress,2024-02-14 07:20:18,"6208 Harding Turnpike
South Kelliberg, CO 95368",Odenmedi
Gregory Lewis,data,2023-12-01 09:28:23,"480 Natalie Points Suite 165
Kingport, MP 11378",Odendi
Ryan White,stay,2023-04-18 06:04:45,"492 Kaitlyn Plains
Angelaside, MI 39240",Kismen Odendi
Juan Moon,share,2024-02-07 23:44:59,"462 Barnes Canyon
Hughesview, AR 67047",Kismen Odendi
Maria Grant,find,2023-10-28 17:46:12,"USCGC Morris
FPO AE 36260",Odendi
Clarence Becker,meet,2023-07-21 06:08:53,"Unit 9633 Box 8309
DPO AP 08448",Odendi
John Moss,hospital,2024-02-08 23:02:20,"244 Jillian Cliffs Suite 896
New Latasha, OR 92227",Odendi
Joel Brooks MD,debate,2023-07-15 22:58:47,"028 Wall Circles
Chasefurt, AK 45381",Odenmedi
Elizabeth Boone,behind,2023-10-29 04:30:40,"72736 Holly Expressway
Port Theresa, VT 58018",Kismen Odendi
Teresa Hernandez,reason,2023-08-29 17:24:37,"5875 Cooper Coves
South Cameronville, OR 62544",Kismen Odendi
Erin Williams,situation,2023-06-26 20:52:33,"675 Calhoun Mission
Whiteside, ND 29644",Odenmedi
Brian Wilson,who,2024-01-06 08:20:57,"59379 Romero Vista Apt. 713
Abigailview, MH 93213",Odendi
Eric Nichols,clear,2023-05-10 20:22:40,"420 Grimes Forges
North Haydenchester, CA 95536",Odenmedi
Keith Cameron,face,2023-03-12 19:50:14,"532 Ramos Drives
South Desiree, UT 73281",Odendi
Lauren Marshall,certain,2023-06-26 19:31:33,"USNS Brown
FPO AP 45938",Odenmedi
Anthony Ford,edge,2023-10-31 11:07:11,"4811 Ryan Trafficway
South Nicole, MI 27527",Kismen Odendi
Stephanie Garrison,sure,2023-10-27 14:48:53,"66263 Smith Land
North Melissa, MA 82637",Kismen Odendi
Jeremy Green,free,2024-02-07 08:36:56,"369 Tonya Ramp Suite 762
East Anthony, MI 16234",Odendi
Jackson Clements,also,2023-08-13 04:15:21,"92445 Cox Road
Gonzalesside, ND 04987",Odenmedi
Elizabeth Thomas,success,2024-01-25 18:04:26,"3186 Eric Mill
Hillberg, NE 53332",Kismen Odendi
Scott Johnson,along,2023-04-08 23:15:34,"405 Bianca Pine
Williamsmouth, VA 32141",Odenmedi
Karen Duncan,spend,2023-04-03 01:16:14,"65918 Baker Throughway Suite 003
South Leslie, SD 54408",Odendi
Elizabeth Roberts,image,2023-09-02 02:28:18,"83138 Perry Coves
Christophermouth, NY 85822",Odenmedi
Jorge Sanders,bit,2024-01-28 04:39:50,"USNV Huynh
FPO AP 29622",Odendi
Robert Williams,meet,2023-08-26 01:03:44,"8806 Hernandez Stravenue
Port Clifford, ID 16702",Odendi
Jennifer Morales,likely,2023-12-14 17:59:21,"1681 Samantha Turnpike
Garyfurt, MT 55069",Kismen Odendi
Matthew Bennett,community,2023-12-26 12:32:28,"00143 Sean Forges
East Jason, RI 63963",Kismen Odendi
Michael Davis,population,2024-02-19 12:35:11,"43725 Kayla Track Apt. 693
East Jesse, MA 90134",Odenmedi
Kathryn Stevens,low,2023-11-23 23:47:28,"70114 Brown Land Suite 730
New Colin, MH 68715",Odendi
Natalie Gillespie,word,2023-06-05 22:11:59,"5877 Blanchard Pass Apt. 644
Watkinshaven, PR 34115",Odendi
Matthew Woods,create,2023-05-22 12:11:14,"9149 Matthew Springs Apt. 791
Maryside, OH 70005",Odenmedi
Debra Jones,to,2023-10-05 22:22:29,"8282 Chandler Throughway
Port Hannah, DC 18819",Odenmedi
Tracy Rodriguez,meet,2023-10-17 15:52:03,"5743 Mark Plaza
West Nicholas, MD 62158",Odendi
James Osborn,type,2023-05-08 07:25:37,"67173 Roy Isle Apt. 697
Mcmahonberg, GU 11011",Kismen Odendi
Brian Rodriguez,director,2024-02-15 06:51:39,"0520 Nathan Cliffs
New Laura, ID 52092",Odenmedi
Shane Walker,number,2024-01-05 02:34:58,"712 David Villages
North Scotthaven, ME 13877",Odenmedi
Jenna Murphy,specific,2023-09-29 03:29:17,"436 Anthony Views
Pearsonfort, VI 66418",Odenmedi
Jessica Lang,control,2024-01-04 01:33:51,"5562 Herrera Locks Apt. 753
Port Timothyborough, CA 09718",Odendi
Thomas Sims DDS,feel,2024-02-05 20:04:38,"54615 Jones Mountains
Lake Thomas, AZ 01061",Odendi
Miss Carly Thomas,measure,2023-03-29 23:46:42,"5780 Autumn Orchard
Millerfort, OK 86121",Kismen Odendi
Stephen Johnson,again,2023-02-20 16:50:45,"7549 Leah Glens
Leahville, OK 05185",Odenmedi
Jerry Jones,class,2023-12-04 14:24:57,"Unit 4416 Box 8084
DPO AP 14177",Odenmedi
Ruth Ayers,board,2023-03-02 13:43:14,"93260 Jessica Knolls
New Erin, AL 01401",Kismen Odendi
Anita Hill,suddenly,2023-04-13 19:48:01,"2205 Scott Springs
New Samanthaburgh, GA 29083",Odendi
Christopher Malone,me,2023-11-09 23:55:01,"6801 Murphy Crossroad Suite 374
Matthewland, MS 62502",Kismen Odendi
Daniel Kent,receive,2023-04-24 12:29:03,"05541 Lynch Circles Apt. 354
Allentown, TX 86547",Kismen Odendi
Todd Walker,account,2023-05-27 02:07:16,"6867 Williams Fields
Lake Ashleytown, FM 90117",Kismen Odendi
Alexander Pham,off,2024-01-03 12:59:17,"84644 West Trail
New Sarashire, PA 68078",Odendi
Jonathan Salinas,increase,2023-03-22 04:39:49,"369 Hernandez Ways Apt. 169
North Henry, AZ 57488",Kismen Odendi
Kathleen Bradford,heavy,2023-12-29 02:17:57,"776 Mccarty Extensions
Evansburgh, AL 43399",Odenmedi
Walter Reeves,politics,2024-01-08 16:34:12,"45351 Christopher Avenue Suite 919
Cesarport, ID 14916",Odenmedi
Cory Wells,player,2023-09-01 19:54:18,"5043 Payne Lodge
East Matthewstad, AZ 03845",Odenmedi
Suzanne Bowen,between,2023-12-22 14:05:27,"PSC 8802, Box 1095
APO AP 47340",Odenmedi
Kristin Wells,off,2023-09-28 10:43:57,"677 Gonzalez Fort Apt. 032
Shelbyview, IA 88540",Kismen Odendi
Michael Salinas,prevent,2024-02-18 17:33:21,"8105 Emily Hollow Apt. 597
East Amanda, WI 18012",Odenmedi
Samuel Campbell,break,2023-07-27 15:16:02,"032 Burton Union
North Stephanie, AR 50979",Kismen Odendi
Nancy Fitzgerald,cause,2023-12-29 07:52:34,"1418 Duncan Passage Suite 027
North Christopher, NC 69479",Kismen Odendi
Edward Baxter,it,2024-01-30 12:39:44,"9672 Amanda Meadows Apt. 904
Allentown, OR 37363",Kismen Odendi
Ethan Patton,appear,2023-12-29 04:30:52,"857 Hernandez Orchard
Lake Angelaport, WA 53874",Odendi
Anthony Taylor,single,2023-09-13 06:43:15,"10941 Wheeler Centers Apt. 904
Dianaton, HI 62764",Odenmedi
Kristen Bennett,where,2023-11-24 00:31:14,"45262 Bryan Centers Suite 448
South Joeborough, OR 25969",Odenmedi
Kathryn Baker,home,2023-08-24 23:08:15,"98727 Garcia Cliff Suite 121
Cervantesbury, WA 52431",Kismen Odendi
Susan Drake,during,2023-12-04 10:20:08,"625 Nathan River
West Joseph, AK 58576",Odenmedi
Kristy Soto,laugh,2023-08-02 04:25:14,"933 Jacob Roads
Whiteberg, NM 87269",Kismen Odendi
Matthew Bowman,anything,2023-08-29 08:46:11,"287 Harris Drive Apt. 065
East Melanieland, FM 95925",Odendi
Brent Anderson,campaign,2023-02-24 17:02:39,"1609 Smith Ferry
West Ralph, FL 08696",Kismen Odendi
Kathleen Weber,fall,2023-09-21 07:28:03,"52631 Perez Heights
Williamborough, PA 68001",Odendi
Amy Higgins,service,2023-10-10 06:32:00,"5125 Hood Overpass Apt. 201
Cooperport, OH 68490",Kismen Odendi
Eileen Smith,body,2023-04-07 22:24:29,"USNS Armstrong
FPO AP 97484",Odenmedi
Kristina Brown,billion,2023-04-03 17:58:42,"4884 Ernest Overpass Apt. 727
Jessicaton, ME 28136",Kismen Odendi
Dr. Ashley Chan,raise,2023-03-29 22:23:44,"1871 Kelly Mill Apt. 204
Devinmouth, IA 90219",Odenmedi
Shelly Strickland,room,2023-08-07 14:58:11,"39775 Julia Crest Suite 316
Debrastad, WV 76986",Kismen Odendi
Michael Hardin,really,2023-06-21 13:30:40,"781 Joshua Divide Suite 036
Blairmouth, VT 77936",Kismen Odendi
Michael Johnson,wear,2023-03-12 18:01:50,"886 Elizabeth Brook Suite 457
Seanfurt, FM 62824",Odendi
Adam Barnes,manage,2023-10-30 04:15:24,"91540 Beasley Wall Suite 171
Port Samuel, HI 65301",Odenmedi
Katrina Aguilar,short,2023-04-11 15:44:12,"6228 Darren Port
Bennettview, WV 94250",Odenmedi
Ashley Hernandez,or,2023-04-21 01:28:33,"37019 Cook Glens Suite 351
Cordovaberg, IA 58769",Odenmedi
Jacqueline Villarreal,same,2023-03-24 06:08:38,"05960 Mccoy Drive
New Jessicamouth, KY 79957",Odendi
Cynthia Morris,author,2023-08-22 08:55:55,"7780 John Stravenue
Dudleyville, AR 90148",Kismen Odendi
Craig Matthews Jr.,thank,2023-08-03 18:46:49,"796 Matthew Crescent
New Elizabethton, FL 06509",Kismen Odendi
Justin Thomas,international,2023-04-04 11:27:13,"878 Samantha Estates Suite 097
Jessicaport, MN 79013",Odendi
Joshua Jones,security,2023-08-25 08:28:49,"378 Patton Glens Suite 485
Stephaniemouth, AK 17520",Odenmedi
Mark Scott,town,2023-05-02 07:34:38,"3907 Lee Underpass
Knighthaven, WA 38770",Odendi
Susan Garcia,responsibility,2023-02-24 19:31:03,"71075 Jonathan Junction
West Jameschester, PW 91973",Odenmedi
Monica Hill,conference,2023-05-04 13:49:59,"1592 Jones Lakes
Fishershire, RI 29246",Kismen Odendi
Zachary Tran,that,2024-02-08 03:09:19,"8135 Jennifer Shore Apt. 638
Stephensside, OR 83944",Kismen Odendi
Tanya Sanchez,loss,2023-11-14 23:04:10,"65153 Erika Land
East Felicia, DE 24616",Odendi
Mason Reyes,read,2023-11-19 17:13:48,"95372 Anthony Turnpike Suite 199
Lake Kevin, AR 15627",Odenmedi
Philip Mays,whether,2023-10-04 20:54:58,"783 Joy Ferry Apt. 482
North Mary, VI 71440",Odendi
Jennifer Dunn,life,2023-02-20 07:51:06,"40287 Thomas Roads
Lake Brittany, NE 88577",Kismen Odendi
Jason Morales,guess,2024-02-15 16:06:20,"4543 Shannon Road
East Joshuashire, FL 10357",Kismen Odendi
Andrew Weber,sort,2023-05-21 07:01:49,"72921 David Way Apt. 593
Port Stephanie, DE 47794",Kismen Odendi
Patrick Rogers,use,2023-07-07 11:19:00,"PSC 7752, Box 7198
APO AP 02816",Odendi
Michael Jones,job,2023-04-07 22:28:40,"551 Robert Meadows
Port Christophertown, ID 82207",Kismen Odendi
Kimberly Villanueva,toward,2023-07-03 23:37:47,"48454 Martinez Rapids Apt. 358
Ashleymouth, NY 15726",Odendi
Levi Glenn,program,2023-12-28 14:16:04,"224 Thornton Divide Suite 513
South Mark, OH 33911",Kismen Odendi
Mr. William Williamson,appear,2023-02-23 22:49:02,"9809 Wendy Views Suite 374
South Michelle, OR 58110",Kismen Odendi
Sarah Smith,guess,2023-11-28 09:01:40,"7921 Monique Estate
North Juanbury, RI 62272",Odenmedi
Paula Marshall,water,2023-11-20 04:29:03,"72317 William Centers Apt. 320
New Anthonyberg, PA 10329",Odendi
Heather George,method,2023-07-07 21:27:21,"719 Heather Vista
Carrollfurt, MP 61117",Kismen Odendi
Sharon Anderson,create,2023-05-31 00:44:46,"73083 Cannon Summit Apt. 906
Port Dawnborough, MA 39801",Kismen Odendi
Kevin Vance,through,2024-02-06 07:07:39,"PSC 9141, Box 0869
APO AE 15869",Odenmedi
Steven Morris,heart,2023-06-17 07:22:34,"200 Brian Prairie Suite 676
North Laura, GA 18436",Odendi
Dustin Porter,some,2023-08-18 03:06:56,"8164 Andrea Lake Suite 205
Andreville, TX 18415",Odenmedi
Erin Howell,letter,2023-04-30 15:09:47,"7904 Morales Cliffs Suite 820
Micheleburgh, DC 29621",Odendi
Joshua Green,trouble,2024-02-09 20:07:38,"52096 Hernandez Cliff Apt. 226
New Heidi, PA 87248",Kismen Odendi
Robert Friedman,member,2023-09-20 20:09:14,"577 Helen Radial Suite 192
Gomezberg, KY 91167",Kismen Odendi
Kathryn Taylor,however,2023-05-31 18:52:59,"691 Katherine Ferry
Mckayfurt, OK 62933",Odendi
Angela Burns,series,2023-03-04 10:21:36,"92257 Jonathan Terrace Apt. 078
Russellshire, NY 79927",Odendi
Charles Anderson,bed,2023-10-31 22:29:35,"03739 Ryan Pike
Jasonburgh, MN 40863",Odenmedi
Marissa Carr,program,2023-08-26 04:10:03,"6118 Sarah Mountain
Jamesstad, PA 93536",Odendi
Jessica Lopez,event,2023-10-08 05:22:29,"88956 Wilson Neck Apt. 628
North Nicholasburgh, SD 06678",Odenmedi
Martin Jones,last,2024-01-10 15:15:22,"582 Obrien Mountain Suite 489
Lake Brendastad, PA 15717",Odendi
John Holmes,response,2023-06-14 08:11:15,"92608 Christopher Turnpike
North Christophertown, VT 67499",Odenmedi
Sierra Kelly,focus,2024-02-01 19:55:00,"63286 Bradley Track Apt. 805
Whitestad, NC 84635",Kismen Odendi
Jennifer Guzman,building,2023-05-01 19:53:50,"15404 Powell Circle Suite 758
Port Zacharyville, VI 35328",Odenmedi
Kenneth Olson,civil,2023-11-19 12:25:16,"597 Pamela Well
West Karenfort, WV 87689",Odenmedi
Jennifer Bernard,worker,2023-12-31 05:42:56,"543 Leonard Plains
West Ashleyport, CA 91916",Odendi
Ricardo Washington,me,2023-06-27 00:59:48,"6760 Kirk Brooks Suite 325
Guerraburgh, SD 87615",Odenmedi
Michael Sanchez,plan,2023-06-23 15:27:10,"131 Lawson Land
East Caitlinfort, MA 23972",Odenmedi
Felicia Cook,see,2023-11-29 15:36:57,"USS Romero
FPO AA 90458",Odenmedi
Ms. Nancy Underwood MD,husband,2023-10-31 23:22:36,"1857 Black Track Apt. 117
Lake Cynthia, MO 21381",Kismen Odendi
Justin Clark,fight,2023-06-05 04:54:16,"0459 Sanchez Islands
East Fred, FL 01782",Odenmedi
Kimberly Brown,fund,2023-08-09 08:51:54,"76690 Ryan Streets Suite 577
Port Valerie, PR 60341",Odendi
Michael Peterson,behind,2023-07-21 11:47:55,"6943 Melissa Terrace
East Jessicamouth, WV 25786",Kismen Odendi
Laura Monroe,unit,2023-03-04 00:57:28,"621 Nelson Mission
Willisland, ND 12910",Odenmedi
April Brown,such,2023-03-06 14:51:15,"77326 Kidd Forks Suite 984
West Matthewstad, UT 41913",Odenmedi
Jennifer Young,however,2023-03-06 16:35:44,"8512 Kristen Crescent
Port Barrymouth, CT 83188",Odenmedi
Selena Rose,suffer,2023-03-06 19:20:04,"6419 Holly Dale
Serranofort, UT 92943",Odenmedi
Tara Miller,structure,2023-04-28 17:30:51,"5223 Bush Unions Suite 717
Novakmouth, LA 76137",Odendi
Heather Robinson,watch,2023-06-09 00:13:28,"113 Sullivan Station
East Sethberg, FL 83056",Odenmedi
Brandi Hunt,wife,2023-06-24 13:22:34,"787 Joshua Stravenue Apt. 016
North Joseview, NE 00586",Odenmedi
Terri Harris,maybe,2023-09-01 20:16:57,"49559 Derrick Extension
West Nathan, WI 16106",Odendi
Michael Davis,detail,2023-06-20 11:08:01,"39759 Turner Corner Apt. 261
Jamesville, IL 76635",Odendi
Nicole Ford,station,2023-08-22 23:42:26,"340 Hannah Prairie
Kellerfurt, AR 19231",Kismen Odendi
Holly Stephenson,reach,2023-11-17 04:54:16,"8887 Carpenter View
Connerfurt, VA 18641",Odenmedi
Jeffery Salinas,history,2023-05-27 13:25:22,"USS Dunlap
FPO AP 06983",Kismen Odendi
Nicole Mcpherson,coach,2023-10-27 09:30:26,"874 Erin Plain Apt. 562
South Robertland, CO 30243",Odendi
Lisa Garrison,only,2023-05-21 14:53:02,"5422 Melvin Track
North John, MH 66680",Odendi
Lance Walsh,common,2023-08-02 01:58:51,"8492 Alvarez Spurs Suite 207
Knightborough, ND 86191",Odenmedi
Hannah Alvarado DDS,difference,2023-09-24 17:56:23,"900 Stephanie View Suite 563
East Amy, MS 31809",Odendi
Brandon White,campaign,2023-11-15 08:46:04,"201 Santana Via
Johnsonview, OK 39987",Odendi
Mr. Charles Espinoza Jr.,assume,2023-03-03 13:54:26,"6296 Williams Manor Suite 434
South Yolanda, RI 89688",Kismen Odendi
Mary Clark,ok,2024-01-04 23:19:41,"4023 Patterson Islands Apt. 086
North Amandaside, NC 67516",Odenmedi
Andrew Ortiz,point,2024-01-28 00:43:31,"40531 Matthew Estates Apt. 606
Obrienfort, TX 86648",Odendi
Michael Murphy,direction,2023-07-18 07:10:42,"0614 Lauren Mission
Port Jacqueline, TX 04468",Kismen Odendi
Kyle Smith,final,2023-11-11 10:18:30,"81331 Kathleen Throughway Apt. 699
East Melindamouth, GA 64327",Odendi
Dr. Gabrielle Hayes,surface,2023-11-12 03:30:36,"2139 Fitzgerald Rapid
South Hannah, NC 26740",Kismen Odendi
Daniel Hawkins,near,2024-02-18 14:41:13,"1710 John Field
West Christopher, FL 73744",Odendi
Colleen Hines,notice,2023-05-01 16:24:50,"91881 Harmon Terrace
North Sarah, NM 41867",Odendi
Patricia Patterson,social,2023-11-15 18:36:31,"27844 Harmon Ridges
Cynthiaport, VA 06657",Odenmedi
Louis Jackson,ability,2023-03-11 13:04:16,"69530 Brown Course Suite 753
Cheyenneside, MT 04902",Odendi
Amanda Kim,authority,2023-05-17 20:30:10,"64959 Diane Oval Suite 805
East William, MT 06099",Odendi
Mary Coleman,goal,2023-03-11 01:27:42,"1691 Rogers Hills Apt. 104
North Wendy, NM 90427",Odenmedi
Anthony Sanchez,course,2023-04-28 06:51:24,"48337 Patrick Roads
Port Seanburgh, GA 81932",Odendi
Jessica Mullins,cultural,2023-03-07 22:24:54,"5122 Carl Plains Suite 256
Barneston, AZ 41997",Kismen Odendi
Lynn Montgomery,idea,2024-01-10 14:44:03,"82691 Brian Island
Lake Crystal, KY 52949",Odenmedi
Melvin Johnson,sport,2024-02-07 07:29:04,"7788 Caleb Crescent Apt. 675
Port David, UT 14878",Odenmedi
Geoffrey Williams,although,2023-11-16 14:29:20,"25468 Harper Center Apt. 335
Randyfort, KS 91926",Odenmedi
Joseph Edwards,well,2024-01-08 20:31:57,"46038 Blake Passage
Pettyhaven, CA 44760",Kismen Odendi
Logan Baird,raise,2024-02-13 14:50:59,"3945 Stokes Land Apt. 058
Andreston, TX 94238",Kismen Odendi
Christine Fox,still,2023-02-24 17:26:02,"887 April Canyon Suite 211
Mackville, PA 79727",Odenmedi
Angela Robinson,energy,2023-09-03 23:20:54,"6027 Mosley View Suite 774
Cortezland, IN 77376",Odenmedi
Brittney Evans,account,2023-03-12 04:21:35,"40737 Avila Point Suite 556
Lake Julie, PW 95674",Odendi
Lucas Barton,major,2023-07-26 22:48:21,"5186 Bishop Point
Tracyton, ID 12805",Kismen Odendi
Matthew Mason,manager,2023-08-25 21:30:58,"5162 Kevin Parks
Sweeneyfort, NC 16681",Kismen Odendi
Janet Ramirez,send,2023-03-27 18:34:03,"47866 Joseph Skyway
Billton, TN 82901",Odenmedi
William Ortiz,list,2023-10-08 00:03:46,"USCGC Ruiz
FPO AP 34263",Kismen Odendi
David Hart,talk,2023-06-12 11:50:53,"728 Martin Common Apt. 452
Lake Josephstad, OH 12241",Kismen Odendi
Karen Peterson,rather,2023-05-02 12:28:20,"61435 Arthur Islands
West Lawrence, NY 79007",Odenmedi
Willie Moore,lot,2023-06-25 21:41:32,"93953 Lopez Meadows
Pamelaborough, PA 79284",Odendi
Casey Jacobs,visit,2023-12-09 20:27:03,"803 Thomas Ports Apt. 436
North Eugenebury, PA 30421",Kismen Odendi
Wendy Roberts,development,2023-02-26 07:39:50,"95148 Trujillo Forest
South Jasonshire, FM 00727",Kismen Odendi
Adam Walters,two,2023-03-16 10:21:09,"99760 Alicia Summit
North Jay, MI 04602",Kismen Odendi
Robert Hall MD,need,2023-07-20 12:47:12,"Unit 5687 Box 1505
DPO AE 62492",Odenmedi
Stephanie Mahoney,reduce,2023-04-16 23:44:56,"83458 Jefferson Highway
East Cathy, MT 15221",Odenmedi
Scott Morton,born,2023-05-31 18:27:47,"23199 Kevin Islands Suite 890
Lake Vincentbury, NH 16632",Odendi
Dr. Michael Rojas DVM,around,2023-09-28 13:11:35,"8463 William Throughway
West Ericashire, ME 80923",Kismen Odendi
Anita Watson,TV,2023-04-25 09:58:42,"PSC 0060, Box 9779
APO AE 45587",Odendi
Christopher Montgomery IV,professional,2023-08-12 20:53:19,"3460 Bishop Rue
Deborahborough, PW 44311",Odenmedi
Janet Hernandez,leave,2023-06-29 08:20:24,"28235 Brian Ports Suite 894
East Jennifer, DE 65882",Odendi
April Higgins,prepare,2023-12-20 01:24:47,"Unit 4807 Box 1753
DPO AP 65949",Kismen Odendi
Emily Dunlap,speak,2024-01-26 09:49:37,"7011 Michael Wells
Cynthiamouth, MP 86489",Odendi
Cynthia Soto,space,2023-04-07 07:54:32,"2836 Samantha Prairie
Burnsside, IL 21488",Odenmedi
Wendy Briggs,sea,2023-12-04 18:56:42,"PSC 0846, Box 5267
APO AP 71260",Odenmedi
Cynthia Reeves,table,2023-11-15 20:30:02,"5848 Brown Crossroad
South Traciview, VT 19949",Odendi
Natalie Blair,time,2023-03-19 06:23:46,"2879 Ashley Mews Apt. 167
Jessemouth, WA 38442",Odendi
Ricky Jenkins,customer,2023-03-26 20:45:02,"050 Benjamin Radial
Saraport, MP 06651",Odendi
John Anderson,debate,2023-03-22 07:57:43,"4131 Fitzgerald Roads
Rebeccaville, MH 69288",Odenmedi
Vanessa Michael,president,2023-07-06 04:18:59,"3807 Booth Circle
Wendymouth, NH 21171",Odenmedi
Rebecca Solis,country,2023-04-30 22:13:03,"38254 Munoz Shoal Suite 127
Rickyview, NC 39394",Odendi
Breanna Mckee,president,2023-11-03 06:54:31,"769 Miller Plain Apt. 267
West Zacharyhaven, DC 98842",Odenmedi
Stacy Flores,check,2023-05-02 06:00:37,"444 Williams Loaf
North Paul, AZ 43843",Odenmedi
Samuel Mccormick,shoulder,2024-02-10 21:13:17,"16702 Timothy Locks Apt. 095
Lake Samuelfort, LA 87227",Odendi
Erica Mccormick,how,2023-05-03 20:45:05,"66210 James Grove
Stephensbury, AR 93943",Odendi
Carlos Stewart,factor,2023-08-04 18:38:53,"398 Kevin Island
Mcleanfort, CA 19637",Kismen Odendi
Eugene Gonzalez,goal,2023-04-07 06:16:40,"Unit 3121 Box 8672
DPO AP 95922",Odenmedi
Anthony Mueller,challenge,2023-09-19 05:21:06,"PSC 6094, Box 9662
APO AA 13616",Odenmedi
Christina Holmes,single,2023-05-03 13:57:11,"0381 Rivera Dale Apt. 228
West Dustin, RI 11487",Odendi
Amy Grimes,every,2023-03-15 16:18:45,"3666 Dale Via Apt. 064
Robersonmouth, ME 81506",Odendi
Dr. John Moore,serve,2023-09-17 04:54:34,"503 Snyder Forge
Jessicaton, KY 72539",Odendi
Christine Fisher,professional,2023-04-03 00:08:18,"35544 King Ville Apt. 577
Jillville, SC 82395",Odenmedi
Bryan Gill,avoid,2023-09-19 05:37:43,"7550 Smith Manors Apt. 836
East Justinfort, ND 59146",Odendi
Amanda Gonzales,trip,2023-09-18 18:31:44,"77811 Joel Bridge Suite 377
North Christopherville, VA 33374",Kismen Odendi
Sean Rubio,message,2023-11-10 14:53:16,"47124 Rice Mountain Suite 117
Smithhaven, WV 14587",Odenmedi
Jeremy Wolf,within,2023-09-15 14:54:52,"USNV Clay
FPO AA 17817",Kismen Odendi
Julia Farmer,color,2023-02-23 09:21:35,"32281 Young Track Suite 474
Snyderhaven, MN 63906",Odendi
John Austin,father,2024-01-23 16:32:49,"37888 Timothy Corners Apt. 992
Jacksonview, IL 75892",Kismen Odendi
Alexis Browning,form,2023-07-30 00:22:27,"USCGC Carter
FPO AP 09364",Odenmedi
Mary Martinez,after,2023-05-09 04:41:11,"PSC 1610, Box 9384
APO AP 68301",Kismen Odendi
Michael Knapp,executive,2023-06-11 15:19:48,"5724 Antonio Tunnel
North Stevenshire, OR 07257",Odenmedi
Melanie Ramos,western,2024-02-01 06:35:16,"6246 Brown Burgs
South Ryan, VT 48838",Kismen Odendi
Adrian Brown,standard,2023-04-24 22:05:29,"09739 David Flat Apt. 331
Lake Brian, MS 57011",Odendi
Jessica Chan,show,2023-10-15 10:26:36,"8723 Dale Island
West Pennyview, SD 94476",Odendi
Shawn Cabrera,catch,2023-05-16 23:35:09,"59413 Andrew Loaf Suite 712
South Christopherburgh, NE 73049",Kismen Odendi
Robert Hammond,development,2023-09-17 08:13:09,"301 Heather Burgs
New Jesus, MI 92454",Odenmedi
Terri Boyle,various,2024-01-24 15:35:02,"845 Justin Street
Lake Kimberlyton, PR 68731",Odenmedi
Kristie Edwards,beat,2024-02-08 19:36:41,"532 Foster Trail
Lake Mikemouth, MO 30247",Kismen Odendi
Denise Jones,no,2023-08-30 04:15:26,"275 Miller Tunnel
South Elizabethfort, NE 72734",Odendi
Tara Park,skin,2023-10-17 18:16:58,"258 Gray Forks
West Kevinbury, NM 77395",Odenmedi
Ricardo Long,water,2024-02-10 03:30:55,"191 Higgins Ford
New Jeffrey, MN 20047",Kismen Odendi
Robert Davis,but,2023-12-12 19:29:18,"57535 Mallory Junction Apt. 746
Priceland, PW 57488",Kismen Odendi
Christine Jones,protect,2023-10-13 02:47:46,"75524 King Isle
Lake Jay, NJ 88439",Odendi
Tonya Marshall,experience,2023-06-28 21:19:05,"693 Campbell Canyon Apt. 104
Port Dylan, MH 62908",Odendi
Mark Henry,move,2023-10-07 18:24:47,"PSC 2116, Box 3300
APO AP 57462",Odendi
Joseph Hoffman,nor,2023-07-08 20:35:03,"49246 Rivers Island Apt. 465
Annabury, DC 89816",Kismen Odendi
Kelly Martinez,best,2023-07-20 05:53:29,"5609 Dylan Ridges
Port Victor, GU 71973",Odenmedi
Brian Stout,indicate,2023-05-01 14:59:18,"26640 Mccarthy Isle Suite 644
Hintonmouth, ND 10212",Kismen Odendi
Danielle Davis,see,2023-02-19 20:09:22,"395 Daniel Estates Apt. 258
Scottmouth, NY 55451",Odendi
Christopher Davis,politics,2023-06-20 01:41:37,"9344 Laura Fields
Michaelfurt, DC 55709",Odendi
Holly Roberts,feeling,2023-08-01 21:25:59,"44400 Watson Shores Apt. 506
South Manuel, CA 95334",Odenmedi
Elizabeth Harris,right,2023-06-05 11:18:36,"1387 Goodwin Spur Suite 132
South Matthew, FL 08575",Odendi
Devin Kelly,same,2023-11-10 01:08:46,"9711 Harry Roads
South Timothy, MD 02158",Odendi
Charles Lewis,become,2023-11-07 14:41:08,"824 Hansen Spring
Kimberlyville, OK 82574",Odenmedi
Alexis Mills,before,2023-08-06 04:11:04,"5359 Thomas Causeway Apt. 549
West Vincentmouth, AL 33173",Kismen Odendi
Jason Lopez,international,2023-04-16 22:14:11,"4551 Jones Neck Apt. 653
North Walter, KY 25747",Odenmedi
Phillip Harris,fish,2023-07-11 16:09:12,"432 Escobar Oval
North Elizabethview, IL 91904",Odenmedi
Jacob Chen,against,2024-02-09 23:21:32,"397 Johns Pike
Justinberg, AZ 24744",Odenmedi
Isabella Schmidt,several,2023-08-18 10:35:38,"8771 Forbes Fords Apt. 227
Lake Lauren, MH 24090",Odenmedi
Paul Webb,service,2023-05-26 05:58:38,"470 Adam Centers
East Amanda, VT 25160",Odenmedi
Michael Greene,tax,2023-09-06 04:05:57,"684 Ryan Junction
West Christine, MO 19143",Kismen Odendi
Stephanie Ward,physical,2023-03-17 06:58:06,"163 Henry Ville Suite 335
Rhodesburgh, WI 89872",Kismen Odendi
Roger Rivera,bar,2023-04-05 11:01:34,"89672 Wilson Route Apt. 380
Hunterfurt, KY 72780",Odendi
Shelby Bauer,west,2023-06-25 06:08:44,"557 Miller Station
Shannonview, IL 85467",Odendi
Susan Bonilla,child,2023-07-21 03:31:49,"97344 Sue Lodge
Sheltonstad, PA 43001",Odendi
Bailey Horn,wear,2023-04-18 23:36:03,"168 Neal Viaduct Suite 332
Anthonyborough, DC 48429",Odenmedi
Charles Smith,direction,2023-09-02 07:17:34,"852 Mikayla Center
East Dana, NH 51925",Odendi
Devin Watkins,teach,2023-02-25 17:21:23,"428 Ibarra Gateway Apt. 786
Alexanderview, IA 67022",Odendi
Christopher Townsend,interview,2023-04-03 15:14:20,"27985 Smith Locks Apt. 389
Justinborough, CT 43269",Kismen Odendi
Brian Rubio,college,2023-02-24 09:28:46,"63898 Beasley Harbors Suite 986
New Andrea, FM 75534",Kismen Odendi
Debra Kirk,alone,2023-04-23 23:33:49,"68725 Rogers Lake Suite 144
Melissamouth, ME 62687",Kismen Odendi
Nicholas Davila,develop,2023-05-26 01:22:09,"01558 Todd Streets
Kyleberg, WV 70598",Odendi
Kayla Ray,seat,2023-12-14 06:57:51,"PSC 5665, Box 5774
APO AP 10248",Odenmedi
Shelly Arnold,item,2023-11-28 23:45:37,"169 Mark Terrace Apt. 709
Knapphaven, AS 79167",Kismen Odendi
Matthew Barr,court,2023-03-30 17:19:13,"PSC 0399, Box 6955
APO AP 00568",Kismen Odendi
Lauren Lewis,she,2023-12-02 20:48:50,"31823 Andrew Oval Apt. 739
Perkinsfort, AS 65672",Odenmedi
Jeffrey Hart,agency,2023-05-31 09:15:42,"232 Jennifer Trail Suite 376
West Annahaven, UT 37906",Odenmedi
Brianna Curry,blue,2023-04-21 08:57:44,"869 Jennifer Spurs Apt. 635
North William, WA 89827",Odenmedi
John Braun,enter,2023-12-07 20:49:30,"PSC 8592, Box 4819
APO AE 81172",Odenmedi
Timothy Rodriguez,yet,2023-03-21 16:30:03,"27491 Thomas Harbor Apt. 272
East Lawrencetown, NH 23740",Odenmedi
Gregory Mitchell,why,2023-06-10 02:50:19,"09251 Jodi Dam
Erinborough, WI 02940",Odenmedi
James Henry,involve,2023-08-21 04:27:45,"PSC 1043, Box 3501
APO AE 68711",Kismen Odendi
Robert Taylor,customer,2023-06-09 07:07:18,"57244 Anthony Knoll
Samuelshire, MH 37839",Kismen Odendi
Shawn Alvarez,mission,2023-07-07 22:23:03,"844 Garcia Cliff Apt. 237
South Dustin, DC 73450",Kismen Odendi
Brandon Waters,senior,2023-07-19 21:42:35,"1798 Dylan Lock Apt. 652
Josephland, OR 87242",Odendi
Kathleen Wilson,field,2023-04-27 20:03:57,"7422 Megan Loaf
Lake Kimberly, VA 43705",Kismen Odendi
Larry Thomas,expect,2024-01-26 12:10:59,"38132 Tony Pines
Gregorymouth, MA 88174",Odenmedi
Laura Fox,loss,2023-03-23 07:24:59,"134 Ryan Ways
Fischerborough, AS 54271",Odenmedi
Donald Mckee,significant,2023-05-10 19:51:15,"USCGC Carlson
FPO AE 94105",Odenmedi
Rebecca Sherman,with,2023-03-03 11:38:52,"713 Forbes Inlet
West Steven, PA 62216",Kismen Odendi
Jennifer Brown,military,2024-01-20 23:52:49,"356 Ramirez Way
South Charlesmouth, GA 82398",Kismen Odendi
Jeffery Zhang,father,2023-08-05 19:43:24,"8271 Burke Stravenue Apt. 622
New Michelle, VI 52288",Odenmedi
David Solomon,want,2023-07-14 01:36:54,"236 Andrea Plaza Suite 228
New Timothychester, PR 47804",Odenmedi
John Johnson,everything,2023-04-03 15:30:44,"7766 Castillo Pass Suite 697
Wintersmouth, CA 62110",Kismen Odendi
Nichole Lopez,carry,2023-10-09 20:06:40,"0112 Zachary Brooks Suite 891
Hardyport, LA 67456",Odendi
Christopher Grimes,teacher,2023-10-11 12:25:12,"56421 Collins Drives Suite 145
Palmerfort, DC 18645",Odendi
Walter Lam,good,2023-04-28 19:00:38,"672 Copeland Valleys Suite 977
Jarvisside, PA 01004",Kismen Odendi
Jason Long,per,2023-11-03 10:14:08,"184 Kelly Throughway Suite 139
Clairemouth, PW 90579",Odendi
William Hansen,world,2023-08-30 11:44:05,"USNS Blair
FPO AP 46111",Kismen Odendi
Timothy Yates,kitchen,2023-11-03 04:17:13,"2578 Kevin Manors
Lake Timothy, HI 49676",Odendi
Caleb Graham,lawyer,2023-06-14 09:28:04,"59236 Wolf Manors
East Robertstad, PA 68151",Odenmedi
Michelle Mendez,practice,2023-10-16 22:43:13,"188 Kara Prairie Suite 660
Samuelshire, VI 53377",Odenmedi
Renee Mathews,mother,2023-11-21 07:45:47,"USCGC Thompson
FPO AP 72153",Odendi
Brittany Lee,subject,2023-03-01 09:37:15,"Unit 0111 Box 2925
DPO AE 50843",Odenmedi
Michelle Mckee,last,2023-04-09 16:20:49,"4235 Derek Stravenue
Patriciahaven, UT 40617",Odenmedi
Hunter Price,feel,2023-10-04 03:52:40,"395 Wells Road Apt. 307
Perryborough, CA 81366",Kismen Odendi
George Carter,water,2023-05-22 19:05:07,"663 Wilson Radial Suite 706
Cassandraville, KS 64359",Odenmedi
Dawn Little,the,2023-11-14 10:57:03,"16653 Jackson Rest Suite 492
Powellfort, RI 85878",Kismen Odendi
Joseph Massey,ago,2023-10-09 10:34:05,"57602 Lara Estate Apt. 439
Daughertyborough, WA 11106",Odenmedi
Teresa Johnson,result,2023-03-11 20:01:25,"PSC 6915, Box 8511
APO AP 43934",Odenmedi
Nicole Gill,science,2023-08-03 00:24:46,"839 Payne Unions Apt. 136
West Bobfort, KS 00604",Odendi
Julia Sawyer,ahead,2023-10-09 01:06:20,"81191 Brooke Ridges Apt. 736
South Charlesmouth, NJ 13172",Kismen Odendi
Donna Brooks,strong,2023-12-03 19:30:15,"7702 Farmer Shoals
East Scottfurt, LA 30691",Odenmedi
Lisa Brown,college,2023-09-05 17:16:05,"51698 Peter Greens Apt. 546
Port Ivanburgh, WV 91543",Odenmedi
Justin Underwood,series,2023-08-14 00:43:33,"3873 Woods Village Suite 439
Isaacmouth, MA 05307",Odenmedi
Noah Patel,region,2023-12-24 16:39:08,"179 Kimberly Mountain Apt. 656
New Jacobton, OH 35630",Odendi
Nicole Larson,this,2024-01-17 05:34:46,"61311 Sheila Turnpike
East Christianton, TX 65167",Odendi
David Bishop,stage,2024-01-15 17:26:21,"88348 Rhodes Lane
Lake Anthonyview, CO 76978",Odenmedi
William Green,late,2023-09-01 04:23:40,"532 Dyer Parkways Suite 774
Gregoryfort, IA 08543",Kismen Odendi
Michelle Cox,risk,2023-12-07 06:30:11,"943 Amber Valley
Port Carla, MS 68915",Kismen Odendi
Holly Gibson,security,2023-08-11 20:34:44,"689 Simmons Haven
Michaelbury, CT 40833",Odendi
Brandon Roach,like,2023-10-26 23:58:59,"454 James Trail Suite 038
Paulaview, NY 22566",Kismen Odendi
Marissa Anderson,card,2024-02-07 17:20:53,"2674 Christine Wall Suite 540
South Melissaton, HI 70559",Kismen Odendi
Shane Hancock,security,2023-03-26 22:41:09,"4516 Ryan Inlet Suite 776
Mooreside, NY 58935",Odenmedi
Jeremy James,car,2023-11-20 19:49:01,"4085 Miller Cliffs
Harrisonville, OR 59606",Odendi
Mrs. Natalie Gill MD,machine,2023-09-09 15:59:38,"77074 Wilson Path Suite 632
New Taylor, AS 83038",Odenmedi
Mr. Nicholas Watson,base,2024-01-17 21:21:58,"70456 Matthew Causeway Suite 224
Hillmouth, OH 07062",Odendi
Mrs. Karen Petty DDS,cover,2023-08-29 18:27:55,"983 Larry Point
Danielleside, DE 53040",Odenmedi
Brian Robles,quite,2023-12-16 06:28:26,"21533 Ortega Road
Port Jaredberg, MN 29082",Odendi
Michael Robertson,Mr,2023-06-14 06:48:52,"PSC 3040, Box 6323
APO AP 37827",Odendi
Randy Ramos,skill,2023-10-21 03:36:40,"Unit 1540 Box 4784
DPO AP 26477",Odenmedi
Michele Oliver,different,2023-03-26 13:51:29,"407 Ashley Locks
North Michael, IL 49043",Odenmedi
Karl Tran,without,2023-10-01 15:29:37,"6208 Hughes Course Apt. 951
Lake Mario, MO 68716",Odendi
Christopher Long,senior,2024-02-05 22:47:59,"3074 Andersen Glen Suite 184
Susanchester, UT 19094",Odendi
Kathy Mendoza,go,2024-02-11 05:46:11,"Unit 7244 Box 0951
DPO AA 45278",Kismen Odendi
Angela Rodriguez,operation,2023-04-21 06:42:55,"7404 Riley Fort Suite 968
South Jamesbury, OK 32383",Kismen Odendi
Megan Yang,against,2023-03-09 05:25:31,"6678 Simpson Spring
Amberhaven, UT 02984",Odendi
Ms. Linda Newton,old,2023-04-05 16:37:01,"688 Billy Turnpike
Johnsonton, PA 09991",Odendi
Shane Jordan,create,2023-09-03 18:52:15,"PSC 2460, Box 0932
APO AP 17796",Odenmedi
John Brown,think,2023-09-15 18:02:02,"296 Hammond Trace Apt. 564
Normanview, WA 39726",Odenmedi
Katherine Brown,section,2023-08-03 02:47:29,"USCGC Underwood
FPO AE 20388",Odenmedi
Eric Roberts,attention,2023-05-06 20:47:38,"765 Alexandria Circle
North Reneefort, VT 06830",Kismen Odendi
Laura Hines,attorney,2023-05-07 01:42:31,"0597 Dawn View Apt. 438
East Heathermouth, PA 57768",Odenmedi
Christopher Davis,better,2024-01-19 11:31:31,"30670 Katie Meadows Suite 233
Collinsmouth, SC 18132",Odenmedi
Richard Willis,yet,2024-01-11 01:15:50,"184 Howell Roads Apt. 553
Weaverbury, ND 51414",Kismen Odendi
Alan Young,interesting,2023-11-19 19:05:39,"73909 Schmidt Turnpike
New Natalie, KY 51123",Odendi
Ashley Fisher,past,2023-07-02 14:23:50,"9103 Jacob Spurs Apt. 938
Sanchezview, AL 84621",Odendi
Lisa Ortega,evidence,2023-10-24 16:44:09,"40994 Allen Manors
Johnnybury, LA 34438",Kismen Odendi
Julie Scott,why,2024-01-25 00:39:53,"8489 Hammond Fort Apt. 192
Taylortown, CO 44550",Kismen Odendi
Kelly Jones,whole,2023-08-27 10:25:18,"Unit 1953 Box 6600
DPO AE 49356",Odenmedi
Tracy Scott,baby,2023-03-11 05:14:44,"87328 Moore Fall Apt. 188
Lake Nancyport, MA 93658",Kismen Odendi
Joshua Hampton,and,2023-08-18 16:25:04,"76653 Lisa Islands Apt. 024
New Hayden, NJ 70378",Kismen Odendi
Connie Morgan,early,2023-09-12 17:03:34,"8724 Reilly Path Suite 674
West Amy, IA 56721",Kismen Odendi
William Torres,agency,2023-12-03 09:25:58,"601 Rachel Meadows Suite 305
Fordside, KS 49614",Kismen Odendi
Zoe Smith,and,2023-04-01 21:11:14,"67350 Smith Crossroad
Lake Jonathan, PR 34318",Kismen Odendi
Heather Young,before,2023-11-08 11:33:45,"5712 Justin Points
Brewerchester, ME 82530",Odenmedi
Darlene Fernandez,point,2023-10-20 17:01:20,"284 Kathryn Expressway Apt. 541
Juliemouth, DE 39351",Odendi
Kristi Anthony,resource,2023-05-17 17:00:40,"6514 Donna Fort Suite 309
Geoffreystad, NM 28150",Odenmedi
Matthew Whitehead,their,2023-03-19 00:52:35,"73604 Robert Drive Suite 716
Lake Kaitlyn, WI 55747",Kismen Odendi
Heather Brennan,live,2023-12-16 10:53:49,"5815 Floyd Route
South Joannaport, MI 37046",Odendi
Jonathan Black,mention,2024-01-18 06:10:24,"Unit 2364 Box 1768
DPO AE 76289",Kismen Odendi
Melissa Anderson,start,2023-02-25 02:49:40,"586 Benjamin Gardens
Lake Jacobview, IN 01311",Kismen Odendi
Duane Murphy,role,2023-07-31 17:19:33,"533 Derrick Gateway
Port Wesleyview, FL 93456",Kismen Odendi
Dalton Smith,character,2023-03-25 06:43:58,"242 Quinn Track Suite 019
Lisaville, IL 83731",Odenmedi
Valerie Williams,drug,2023-12-05 23:23:57,"764 Robert Loop Apt. 118
West Michael, VA 36486",Kismen Odendi
Mrs. Rachel Myers,campaign,2024-01-16 16:30:48,"Unit 4013 Box 0685
DPO AP 72364",Odendi
Charles Brown,employee,2023-11-08 10:43:15,"91096 Torres Radial
Jonesshire, NE 60426",Odendi
Vanessa Wright,cut,2023-09-20 07:23:47,"28715 Sanford Villages Apt. 231
West Timothyborough, SC 93546",Odenmedi
Dominic Russell,call,2023-11-26 17:07:21,"Unit 0549 Box 1575
DPO AP 31249",Odendi
Jared Guerra,child,2023-04-13 19:03:26,"75717 Shannon Light Suite 262
East Timothy, NJ 58416",Odendi
Jennifer Hess,positive,2023-12-15 12:51:43,"99845 Morgan Center
Cassandraberg, ND 10397",Odendi
Jared Hart DDS,probably,2023-10-22 22:32:24,"Unit 5784 Box 9235
DPO AP 49623",Odenmedi
Janet Tucker,once,2023-04-16 13:02:21,"00656 Barbara Views Suite 654
Heberthaven, WA 29964",Odenmedi
Erik Frost,structure,2023-12-26 01:50:25,"36284 Kevin Trail
Washingtonfort, MI 72895",Odenmedi
Mario Clay,stand,2023-04-30 19:38:17,"5674 Johnson Valley
Tammyshire, AR 23648",Odendi
Christine Leach,himself,2023-12-25 04:29:08,"59449 Anthony Cove Suite 759
East Chloe, WV 78584",Odenmedi
John Mcintyre,along,2023-07-28 18:12:50,"587 Pierce Mills Suite 522
Port Morganshire, LA 83618",Odendi
Kim Rodriguez,onto,2023-07-13 22:27:59,"040 Edwards Pike
Johnburgh, LA 78318",Odendi
Jennifer Young MD,security,2023-07-03 01:55:10,"530 Richmond Corner
Lake Stephenshire, DC 50594",Odenmedi
Michelle Williams,appear,2023-04-04 16:28:12,"140 Michael Oval Apt. 755
Hubbardtown, NM 75446",Kismen Odendi
Cristina Murray,along,2024-01-14 16:10:38,"5135 Johnson Summit Apt. 293
Lake Reginald, WY 95624",Kismen Odendi
Sharon Estes,computer,2023-11-21 06:40:23,"8594 William Road Suite 901
Port Adam, NH 95602",Kismen Odendi
Michael Massey,boy,2023-07-07 13:53:44,"327 Garcia Lodge
Wheelerport, NM 88276",Odenmedi
Brittany Wright,red,2023-08-18 07:20:09,"22307 Marquez Summit
Jasonbury, TN 18716",Kismen Odendi
Michele Hendricks,kitchen,2023-09-23 15:02:11,"4323 Michael Burg
Longside, PA 08095",Odenmedi
Kara Perry,box,2024-02-11 03:05:05,"6337 Anita Knoll
South Alexandermouth, FM 92467",Odenmedi
Shelby Sanchez,section,2023-07-06 10:30:56,"34057 Pamela Lane
South Phillipborough, HI 34279",Odenmedi
Suzanne Velazquez,ahead,2023-03-07 10:03:24,"384 Patrick Hill
Leahberg, WI 26947",Odenmedi
Mr. Paul Serrano,sister,2023-08-21 19:44:27,"1953 Michael Drives Apt. 151
Lake Zachary, PR 93210",Odenmedi
Miranda Roth,mention,2023-04-06 03:13:51,"036 Carlson Meadows Suite 688
Toniton, MI 63574",Kismen Odendi
Thomas Fischer,difference,2023-08-19 22:23:05,"78651 Sheri Turnpike Suite 847
Staceyton, RI 27624",Kismen Odendi
Scott Trevino,human,2023-07-01 04:57:27,"186 Hurst Isle Apt. 839
Albertfort, CA 62815",Odenmedi
Sarah Francis,community,2023-07-22 00:09:49,"PSC 6938, Box 4289
APO AE 01936",Odenmedi
Carolyn Carson,whether,2023-05-26 21:17:27,"2869 Hopkins Land Suite 546
Kimberlyview, MS 84492",Kismen Odendi
Jimmy Bryant,leader,2023-02-25 10:47:30,"8089 Vang Forges
Bobbymouth, HI 72142",Odendi
Andrea Jones,whether,2023-12-14 21:56:51,"PSC 9125, Box 7420
APO AA 46909",Odenmedi
Bryan White,whose,2023-06-22 14:03:30,"2275 Parsons Road
South Jessica, FL 64926",Odendi
Mrs. Rachel Howard,those,2023-12-03 20:26:12,"351 Vasquez Ports Suite 410
South Wayne, NH 61701",Odendi
William Frederick,magazine,2023-02-21 14:08:16,"67417 Brandon Landing Suite 582
Wilsonshire, ID 85532",Kismen Odendi
Kristy Simmons,through,2023-04-12 12:19:11,"01993 Kathleen Pike Apt. 558
Donstad, AL 91890",Odendi
David Welch,store,2023-03-28 21:34:01,"63374 Jason Extensions
East Angela, TX 67715",Odendi
Katie Small,avoid,2023-10-12 20:38:04,"3237 Holden Squares
Paulland, MP 85685",Odenmedi
Dr. Ian Edwards,newspaper,2024-01-19 04:17:01,"4214 Jillian Row
Port April, UT 22551",Kismen Odendi
Jesse Swanson,feel,2023-05-18 21:04:53,"8207 Spencer Canyon
Kylebury, GU 63553",Odenmedi
Danielle Hale,perform,2023-03-19 02:44:37,"3498 Kathleen Lock
Morrisville, CT 92278",Kismen Odendi
Stephen Brown,early,2024-01-02 04:32:53,"1406 Christopher Prairie Apt. 236
Elizabethmouth, WI 87141",Odendi
Kyle Castro,the,2023-04-06 15:12:27,"20320 Tran Orchard Suite 130
Ginastad, SC 12010",Odendi
Claudia George,early,2023-09-26 11:02:07,"967 Alan Crossroad Suite 251
Danielbury, ME 04260",Odendi
Daniel Hernandez,sort,2023-08-29 17:11:22,"183 Melanie Unions
West Robert, HI 99035",Kismen Odendi
Olivia Donaldson,it,2023-07-30 07:56:13,"145 Tiffany Union
Mooreview, AR 03636",Kismen Odendi
Raymond Smith,building,2023-06-17 11:36:43,"3821 Charles Lodge
West Brittanyport, MO 17203",Odenmedi
Christopher Smith,TV,2023-02-21 03:14:00,"19641 Owens Mews
North Joseph, IN 37899",Odenmedi
Joshua Taylor Jr.,money,2023-07-24 11:43:54,"0732 Monroe Port
Smithchester, OH 57005",Odendi
Holly Yates,agent,2023-11-03 09:25:48,"895 Laurie Lock
North Justin, KY 95503",Kismen Odendi
Alison Burton,rich,2023-06-26 10:28:29,"888 Kyle Junction Apt. 916
Josephburgh, AR 68959",Odendi
Richard Mitchell,wish,2023-10-13 02:11:18,"374 Kristen Curve
North Kevin, ND 69392",Odenmedi
Timothy Smith,her,2023-05-11 11:37:51,"1841 Pamela Fields Apt. 210
West Joseph, NV 45366",Odendi
Tamara Huerta,try,2023-05-09 19:29:40,"5693 Eugene Locks Suite 906
East Carolineland, NJ 18800",Odendi
Katie Lopez,let,2023-05-14 01:40:31,"USNS Sawyer
FPO AA 57496",Kismen Odendi
Lisa Pruitt,season,2024-02-12 04:24:44,"5945 Sandra Mills Suite 724
Hodgechester, ID 09429",Odenmedi
Brittney Thomas,nature,2023-08-29 01:41:35,"79142 Turner Overpass Apt. 828
East Megan, AK 38102",Odenmedi
Matthew Smith,north,2023-07-23 15:10:36,"020 West Motorway Apt. 378
North Gabriel, PA 73485",Odendi
Brooke Ray,rest,2023-08-17 11:27:35,"11807 Shaw Mills
Allenmouth, MA 38013",Odenmedi
James Dorsey,few,2023-12-11 11:37:49,"72559 Sims Haven
Fullermouth, OK 93182",Odenmedi
Ronnie Murray,suffer,2023-07-12 06:13:17,"619 Todd Turnpike Suite 594
West Jeremiahborough, KY 29991",Kismen Odendi
Mariah Pugh,detail,2023-02-26 02:11:17,"263 Bradley Club Suite 016
South Johnside, MD 80424",Odendi
Christopher Glover,forget,2024-02-03 03:53:33,"513 Tara Squares
Port Martha, LA 48839",Odenmedi
Teresa Dawson,foot,2024-01-30 14:08:08,"069 Holland Stravenue
Tonyfort, IL 50204",Odenmedi
John Smith,then,2023-12-25 23:45:50,"48696 Jennifer Circle Suite 957
West Johnny, OK 84291",Odenmedi
Christina Rivera,vote,2023-11-06 03:44:28,"0849 Tiffany Forks
Johnnyberg, MD 96873",Odendi
Cynthia Hall,truth,2024-02-14 06:24:00,"347 Judy Lake Suite 712
East Kevin, NY 02825",Odenmedi
Jimmy Reed,body,2023-03-28 17:49:27,"762 Ariel Point Suite 731
North Leahshire, PA 15984",Odenmedi
Andrea Scott,building,2023-06-11 19:03:28,"28618 Alexander Alley Suite 216
Patrickborough, AZ 98199",Kismen Odendi
Yolanda Palmer,city,2023-06-03 00:38:15,"304 Bird Well
Jessicaside, PW 91835",Odendi
Patrick West,better,2023-02-19 14:35:23,"445 Jose Lights Apt. 142
Jacobburgh, MN 94570",Odendi
James Hart,minute,2023-10-03 17:25:28,"73103 Megan Well
West Amandaport, OK 58794",Odendi
Anthony Stevenson,imagine,2024-01-28 05:11:51,"1757 Juarez Roads
South Rachel, LA 51025",Kismen Odendi
Rebecca Williams,include,2023-04-25 22:46:55,"99382 Maddox Mill
New Jeanette, IL 53612",Kismen Odendi
Amy Kaufman,size,2023-05-10 22:51:47,"545 Danielle Valleys Suite 313
Jerryton, SC 11696",Odenmedi
Crystal Payne,never,2023-07-18 19:29:26,"467 David Vista Suite 242
Port Jameston, FM 16747",Odenmedi
Martin Conrad,herself,2023-04-16 17:27:37,"26000 John Locks Apt. 808
South Waltershire, MI 09309",Odenmedi
Julie Villarreal,exist,2023-02-21 05:37:12,"93063 Peterson Islands Suite 278
Griffinville, ID 15094",Odendi
Robin Brown,quite,2023-10-07 07:42:48,"02058 Hill Square Suite 553
East Charles, FM 08881",Odendi
Keith Smith,reveal,2023-04-09 20:47:56,"620 Clark Forges
Joannefort, OR 65236",Odendi
David Davis,organization,2023-12-14 04:05:07,"972 Alexander Grove Apt. 653
Port Abigail, NJ 82409",Odendi
Ana Smith,lot,2023-05-07 08:33:03,"0713 Patricia Junctions
North Danielle, AK 45815",Kismen Odendi
Kendra Brown,enough,2023-02-20 08:26:50,"9908 Martin Isle Apt. 085
East Robert, MP 34524",Kismen Odendi
Megan Collins,onto,2023-06-12 03:42:09,"PSC 8652, Box 8289
APO AE 71541",Odenmedi
Bryan Lucero,nearly,2023-03-26 13:49:34,"60792 Robert Mission Suite 793
Markberg, ID 24950",Kismen Odendi
Crystal Cummings,attention,2023-06-08 03:22:06,"5252 Austin Vista Apt. 694
Port Nichole, AR 11226",Kismen Odendi
Brian Clark,amount,2023-12-26 23:14:21,"448 Bryant Burgs Apt. 310
East Ashley, IL 18066",Odenmedi
Leslie Cox,same,2023-04-27 04:28:26,"PSC 9406, Box 4023
APO AE 51304",Kismen Odendi
Tracy Weber,loss,2023-03-08 05:05:25,"39195 Sanders Hill Suite 285
Rodriguezland, MO 15882",Odenmedi
Patrick Silva,her,2024-01-07 07:44:39,"890 Evans Drive
Dennisport, MI 27887",Kismen Odendi
Mitchell Alvarez,food,2023-07-31 08:59:12,"5836 Michael Walks
Robertview, NC 41826",Odendi
Jordan Tucker,yes,2023-12-09 02:06:50,"8005 Joanne Forest Suite 573
Kylechester, FM 00998",Kismen Odendi
Russell Rice,or,2023-06-05 08:46:51,"263 Rodriguez Loop
Bellchester, NE 09078",Odendi
Robert Norton,question,2023-11-02 19:21:30,"865 Martinez Mall
Cherylland, PW 83853",Kismen Odendi
Cody Hill,by,2023-03-24 15:12:48,"PSC 4269, Box 7825
APO AA 12997",Kismen Odendi
Charles Wilson,only,2023-07-28 05:15:44,"380 Carpenter Dam
East Michaelburgh, AZ 23066",Odenmedi
Donna Young,capital,2023-04-07 05:35:55,"0398 Castaneda Village Apt. 064
Garciashire, SC 64638",Odendi
Regina Martin,site,2023-10-09 09:53:57,"142 Berg Ports Suite 796
Port Tanya, AK 00789",Odenmedi
Larry Hawkins,although,2023-10-26 00:17:11,"793 Kirk Lodge
South David, DE 30279",Kismen Odendi
Tonya Garcia,less,2024-01-06 06:05:27,"5515 Ford Circles Apt. 363
Smithstad, DE 43855",Odenmedi
Jordan Barron,yet,2024-01-03 13:17:44,"PSC 6020, Box 6972
APO AP 84427",Odenmedi
Jonathon Walker,ask,2023-03-29 14:14:27,"180 Catherine Trail
East Theresastad, IA 33039",Odenmedi
Beth Gamble DVM,American,2023-05-19 21:43:44,"924 Sara Pike
Richardsonland, AS 74184",Odendi
Andrew Hutchinson,bad,2023-03-19 22:37:30,"468 Jones Ridges Suite 239
Marcchester, KS 26079",Odenmedi
Philip Peterson,improve,2024-01-28 01:45:24,"1503 Jeffery Pass Suite 678
South Joshua, ID 89358",Odendi
Julia Robbins,affect,2024-02-01 04:47:10,"04076 Schmidt Mission Apt. 184
Justinland, ND 26239",Odendi
Willie Hernandez,account,2024-01-13 03:02:04,"455 Melissa Plains
North Jose, NJ 84492",Odenmedi
Tammy Franklin,water,2024-01-16 15:21:10,"0393 Walker Passage Apt. 740
West Stacy, MI 44647",Odenmedi
Jessica Lopez,hour,2023-11-01 05:06:50,"28638 Robert Creek Apt. 874
East Alexis, NM 27157",Odenmedi
Mr. Thomas Swanson Jr.,reality,2023-07-12 13:46:14,"49120 Madison Fork
Christopherstad, IA 13391",Odendi
Cameron Henderson,collection,2023-12-13 18:51:36,"34691 William Burg Suite 439
North Stephanie, NH 02873",Kismen Odendi
Alexis Swanson,six,2023-09-28 04:58:53,"19856 Chad Way Suite 257
Port Tammy, CT 69731",Kismen Odendi
Autumn Greer,talk,2023-11-22 17:05:52,"93998 David Groves
West Carolview, IN 95221",Odendi
Seth Booker,with,2023-08-31 08:23:13,"316 Catherine Plaza
Georgemouth, CA 30553",Kismen Odendi
Danielle Watson,television,2023-09-19 05:06:41,"526 Johnson Ridge Apt. 293
Coryport, MT 65607",Kismen Odendi
Christopher George,help,2023-08-22 03:42:08,"260 Brian Turnpike
Rodriguezfurt, NH 92840",Kismen Odendi
Christina Cook,class,2023-04-18 16:48:47,"7372 Banks Oval Apt. 511
Robertshire, GU 17070",Kismen Odendi
Brittany Dixon,voice,2023-12-06 11:55:59,"4970 Lisa Radial
Lake Jenniferview, NY 91982",Odenmedi
Kimberly Barnett,later,2023-11-08 12:57:05,"140 Reynolds Grove Suite 874
Alexandraborough, MO 71057",Kismen Odendi
Rebekah Davis,result,2024-01-01 14:45:19,"194 John Islands Apt. 283
Wandaview, WY 65970",Kismen Odendi
Cathy Hahn,tend,2024-01-28 15:52:58,"Unit 5983 Box 1180
DPO AP 83726",Odendi
Jennifer Williamson,seat,2023-10-08 21:43:23,"6170 Hudson Port
Edwardsmouth, NE 67762",Odendi
Patrick Brown,cultural,2023-11-25 11:55:30,"PSC 4066, Box 9934
APO AE 58038",Kismen Odendi
Erica Perez,role,2023-07-07 01:21:22,"537 Stephen Street
New David, WV 43314",Odendi
Nicholas Braun,without,2023-11-19 22:08:37,"382 Michael Vista Apt. 913
East Brooke, MD 72594",Kismen Odendi
Christopher Smith,need,2023-10-16 18:47:23,"871 Castillo Alley
Perezstad, OH 85855",Odendi
Carol Mccormick,science,2023-06-04 07:20:30,"856 Cameron Roads Apt. 160
West Rodneymouth, TX 07688",Kismen Odendi
Monica Osborne,see,2023-03-06 08:03:44,"623 Clark Fords
North Troy, MA 61028",Kismen Odendi
Michele Nelson,attack,2023-07-24 14:08:12,"971 Samantha Walk
Jenniferhaven, GA 31295",Odenmedi
Timothy Thomas,charge,2023-12-07 17:32:21,"1055 Katherine Freeway Apt. 323
Thompsonport, NE 78937",Odendi
Breanna Clayton,board,2023-12-31 12:51:07,"775 Bailey Springs Suite 655
Dillonton, MT 70016",Odenmedi
Stephanie Ruiz,reveal,2023-12-06 12:28:37,"757 Johnny Mountain
Martinezmouth, FL 09384",Kismen Odendi
Brett Collins,beautiful,2023-11-09 00:55:41,"81816 Adrienne Neck
Mcgeeland, MS 37196",Odendi
Blake Hammond II,inside,2023-07-21 05:49:40,"69198 Black Expressway Apt. 165
Jacquelinetown, AR 94825",Kismen Odendi
Jackie Sullivan,conference,2023-12-10 05:57:43,"369 Kelly Brooks Apt. 954
West Stevenside, NE 67979",Odenmedi
Megan Pollard,try,2023-05-13 22:23:05,"4045 Jeffrey Neck
Mistyfurt, NC 01035",Odenmedi
Jason Bray,politics,2023-08-09 19:27:54,"71638 Sheppard Pike
Lake Brendaville, AL 74301",Odenmedi
Travis Rodriguez,PM,2023-04-07 09:38:21,"217 Danny Roads
Robertberg, MP 84070",Odendi
Julia Diaz,resource,2024-02-12 18:04:32,"1946 House Circle Suite 179
Candaceborough, NH 47390",Kismen Odendi
Christopher Simmons PhD,account,2023-11-01 21:33:53,"955 Gutierrez Parkways
East Jessicahaven, NH 14116",Odenmedi
Joseph Robinson,cup,2023-12-22 09:16:00,"349 Jason Village
New Evelynfort, TX 67989",Odenmedi
Margaret Peterson,say,2023-08-11 13:20:58,"40038 Jeffrey Trail Suite 157
Crystalton, IL 86055",Kismen Odendi
Kimberly Armstrong,check,2023-07-09 04:33:13,"Unit 3645 Box 3874
DPO AA 39904",Odenmedi
Luis Trujillo,hope,2023-12-24 23:09:14,"965 Luis Square Apt. 361
Joneschester, AZ 52099",Odenmedi
Kimberly Taylor,debate,2023-03-29 19:56:54,"893 Waller Common
Zacharyside, VT 50209",Kismen Odendi
William Riley,maintain,2023-05-17 19:01:12,"PSC 0036, Box 7446
APO AP 57093",Odenmedi
Scott Fisher,write,2023-07-21 11:15:33,"69935 Sullivan Plains
Port Eric, VT 57248",Odendi
Jeffrey Turner,TV,2023-08-04 02:49:00,"300 Johnson Neck Apt. 339
East Gabrielle, IA 42466",Odendi
Bonnie Thompson,agreement,2023-10-12 03:47:00,"76505 Clayton Locks Suite 281
Lake Connie, WV 09691",Odenmedi
Morgan Nichols,rise,2023-09-28 09:42:10,"169 Skinner Road Suite 818
New Jamie, SD 29087",Odendi
Chris Krause,religious,2023-06-02 05:16:03,"510 Amber Ports
Bryantchester, VT 90675",Odenmedi
Roy Barrett,can,2023-11-15 00:54:04,"863 Chris Passage
Lake Laurie, TX 16202",Odenmedi
Omar Clarke,newspaper,2023-05-20 14:31:13,"293 Garrett Mills
New Zachary, CO 11350",Kismen Odendi
Sharon Washington,down,2023-12-30 07:06:20,"0832 Eric Motorway Suite 999
Lake Vanessahaven, NC 67034",Odenmedi
Crystal Peterson,huge,2024-01-09 09:28:31,"88962 Tina Fields
North Bradley, NE 82334",Kismen Odendi
Sue Durham,movie,2023-09-02 19:47:27,"USS Johnson
FPO AP 70374",Kismen Odendi
Paul Osborne,change,2023-03-11 16:41:22,"71367 Joseph Corner Apt. 440
Nicholsonfort, CT 88383",Odendi
Michael Tran,family,2023-04-01 15:37:23,"2545 Michael Rest
Georgefurt, VI 95657",Odenmedi
Megan Paul,wonder,2023-04-04 11:46:05,"91630 Meyer Unions
Joyburgh, MH 09515",Odenmedi
Mr. Steven Holt MD,expert,2023-06-05 19:53:57,"942 Daugherty Valleys
Cardenasborough, AR 07551",Odendi
Kimberly House,almost,2023-04-14 07:24:21,"027 Brady Road
Lake Michael, AR 94609",Kismen Odendi
Debra Barber,once,2023-07-19 04:35:20,"874 Todd Points Suite 946
East Rebecca, MH 07696",Kismen Odendi
Jack Chandler,agreement,2023-05-28 06:15:37,"06071 John Flats Apt. 897
North Brianville, SD 50257",Odenmedi
Robert Murphy,long,2023-06-10 01:55:09,"PSC 9342, Box 4896
APO AE 36374",Kismen Odendi
John Newman,attorney,2023-09-16 09:48:24,"44098 David Street
Millerland, HI 91826",Odenmedi
Wesley Conley,ask,2023-04-08 07:30:58,"382 Cynthia Court Suite 644
South Jacobport, PW 05470",Odenmedi
Amanda Foster,course,2023-05-26 20:36:03,"281 Carolyn Trafficway Apt. 252
Bethanyhaven, IA 76348",Odendi
Charles Lopez,not,2023-04-08 13:37:15,"144 Robert Shoals
East Dakotaland, SC 90896",Odendi
Marvin Davis,win,2023-07-11 03:57:34,"315 Jackson Roads Apt. 436
Alexanderhaven, PA 67718",Kismen Odendi
Elizabeth Henderson,soon,2023-05-27 04:06:26,"USNV Barron
FPO AE 95363",Kismen Odendi
James Murphy,western,2023-03-23 13:03:01,"6877 Candace Mountains Suite 685
South Jasminemouth, MS 61220",Odendi
Sarah Lee,usually,2024-02-01 15:56:08,"5013 Riddle Ford
Lake Danielfurt, MA 78214",Odendi
James Bell,price,2023-05-13 21:14:15,"0298 Stone Stravenue Apt. 609
Lake Sarahville, NE 19754",Odendi
Samantha Wilkerson,various,2023-08-01 17:03:02,"853 Arellano Lake Apt. 506
Moyerchester, AS 52958",Kismen Odendi
Autumn Rodriguez,degree,2023-10-31 13:03:36,"5546 Carrie Key Suite 065
Port Sarahhaven, WV 63266",Kismen Odendi
Cody Brown,memory,2023-07-03 16:55:19,"9573 Burton Viaduct
Jerryside, ME 91696",Odendi
Christopher York,place,2023-12-14 23:08:01,"PSC 2879, Box 3687
APO AA 71141",Odenmedi
Jennifer Brooks,mean,2023-04-03 08:34:54,"19289 Peterson Way Suite 093
New Justin, MN 11474",Odendi
Sarah Miller,speak,2023-04-24 09:00:50,"8270 Samuel Common
Christinaland, VT 08090",Odenmedi
Steven Freeman,among,2023-10-10 08:49:59,"130 Melissa Skyway
Weberport, PR 64146",Odenmedi
Thomas Wilson,front,2023-04-16 14:13:26,"627 Shannon Drive Suite 056
New Jessica, CO 83201",Odendi
Brian Lopez,space,2023-08-19 16:14:45,"13298 Lori Stravenue
Lake Anthony, MT 37572",Kismen Odendi
Bryan Andrews,work,2024-01-15 13:21:38,"659 Albert Burg Suite 178
Tranport, TN 38273",Odendi
Richard Fisher,environment,2024-01-03 02:27:12,"0348 Candice Road
Williamsside, ME 90165",Odenmedi
Bruce Perkins,cultural,2023-06-11 07:36:36,"816 Michael Run Suite 445
Lunastad, CO 51310",Kismen Odendi
Hannah Chandler,plan,2023-12-01 07:28:14,"647 Lewis Cliff Suite 462
Longland, ME 64844",Odendi
Dylan Clark,toward,2023-09-25 01:29:17,"17476 Scott Ferry Apt. 648
Port Johnbury, IA 17450",Odendi
Barbara Williams,program,2023-04-30 07:11:56,"01278 Brenda Plaza Apt. 510
Ethanmouth, PA 43176",Odenmedi
Jessica Jackson,because,2024-02-16 02:52:28,"57261 Green Lock
Michelechester, CA 57909",Kismen Odendi
Ashley Alvarez,ask,2024-01-12 01:21:51,"723 Robertson Burg
Walkerstad, NE 62502",Odenmedi
Michael Stokes,town,2023-09-25 20:40:31,"61771 Burke Lodge Apt. 243
South Larry, OH 90868",Kismen Odendi
Cody Reynolds,you,2023-11-20 22:55:58,"735 Ponce Roads
North Jeffery, AZ 14766",Odenmedi
Kathy Donovan,magazine,2023-06-10 12:00:12,"92944 Lauren Alley
Bowersmouth, NH 82246",Kismen Odendi
Danielle Blackburn,option,2023-08-15 13:28:07,"27865 Franklin Fork
Willietown, WV 89218",Kismen Odendi
Andrew Robinson,no,2023-10-31 21:55:32,"USCGC Thompson
FPO AE 95943",Odenmedi
Kelly Morgan,task,2023-07-09 01:47:10,"3765 Becker Summit Apt. 836
Ortegaburgh, HI 24456",Odenmedi
Kaitlyn Crosby,beyond,2023-03-31 10:19:48,"5977 Matthew Spurs
Perezshire, MT 89619",Odendi
Allen Wright,out,2023-03-11 12:08:09,"308 Tyler Lights
Lake Regina, HI 61415",Odenmedi
Michelle Villarreal,history,2023-06-30 04:20:36,"8549 Bradshaw Vista
East Timothyfurt, CT 18088",Kismen Odendi
Michael Donaldson,political,2023-04-08 12:42:46,"USNS Alvarado
FPO AE 99067",Odendi
Caroline Stephenson,economy,2023-09-21 12:06:47,"578 Steven Cove
Port Holly, AK 09288",Odenmedi
Logan Fernandez,seat,2023-06-21 15:13:02,"30747 Andrea Expressway Apt. 491
Rodriguezburgh, NJ 55742",Odendi
Samantha Williams,feel,2023-09-19 02:24:34,"27655 Cooper River
Youngchester, SD 13717",Odendi
John Gallegos,person,2023-11-22 20:17:34,"13558 Ruiz Springs Apt. 683
Deanberg, UT 54614",Kismen Odendi
Kimberly Drake,series,2023-05-05 19:50:59,"792 Torres Crossroad Apt. 043
Reneeton, IL 75909",Odendi
Steven Rogers,decade,2023-02-28 16:27:37,"PSC 6230, Box 4987
APO AA 84762",Odendi
Bridget Lawson,themselves,2023-11-25 01:23:30,"33663 Michael Corners Apt. 471
Russellton, NE 12669",Kismen Odendi
Brian Coleman,future,2023-04-19 19:14:14,"9363 Patricia View
Wyatthaven, WA 02807",Odenmedi
Eric Serrano,huge,2023-05-10 05:18:36,"49827 James Views Suite 681
New Coryfurt, OK 17340",Kismen Odendi
Lisa Kim,industry,2023-03-15 22:49:52,"604 Matthew Extensions Suite 811
New Sarahside, NV 71680",Odendi
Beth Salinas,simply,2023-09-10 04:45:30,"8366 Annette Well Suite 211
Sancheztown, IN 16051",Odendi
Brandon Bond,like,2023-10-10 01:07:02,"2911 Jeffrey Corners Suite 452
Amandaville, AK 06785",Odenmedi
Norman Johnson,dog,2023-08-24 23:58:06,"00119 Derek Vista
East Richard, KS 51612",Kismen Odendi
Matthew Davis,often,2023-07-30 10:50:55,"7588 Vincent Crest
Montgomeryview, CO 50003",Odendi
Richard Wells,way,2023-03-23 20:52:37,"466 Pineda Center
East Luis, MN 34104",Kismen Odendi
Sabrina Rodriguez,capital,2024-02-02 14:31:13,"7960 Lopez Valleys Apt. 130
Mitchellhaven, OH 30790",Kismen Odendi
Lisa White,grow,2023-12-07 04:31:17,"8920 Heath Hollow
East Ericmouth, UT 64980",Odendi
Frank Lowery,way,2023-06-29 07:13:11,"11396 Garrett Common
East Randall, KY 42886",Odenmedi
Melinda Smith,about,2023-08-03 18:18:38,"75426 Jacob Point
Garyberg, NJ 02304",Odendi
Manuel Carey,board,2023-11-20 02:10:38,"5441 Julie Wells Apt. 019
Ginabury, MP 91005",Kismen Odendi
Mrs. Meghan Cole DDS,this,2024-01-03 23:05:38,"54762 Jennifer Inlet
South Jordan, LA 17062",Odenmedi
Jacqueline Peterson,town,2023-07-18 20:28:18,"2275 Roberta Ramp
Jacobmouth, GU 40196",Odendi
Jessica Valencia,rule,2023-11-17 07:31:22,"9772 Wilkinson Plain
Amymouth, ND 74392",Kismen Odendi
Debra Payne,item,2024-01-30 14:19:38,"8677 Adams Row
West Sheila, AZ 58180",Odendi
Christopher Suarez,set,2023-11-07 12:24:04,"2810 Michael Lane
East Francisco, MO 95363",Odenmedi
Lori Johnson DDS,order,2023-06-05 22:40:32,"5240 Jacobs Drive
Lake Jasonberg, MT 34206",Odenmedi
Ann Kennedy,impact,2023-04-11 04:57:48,"65950 Rachel Cape Apt. 740
North Veronica, NM 72460",Odenmedi
Melissa King,song,2023-09-03 12:12:23,"32850 Johnson Hollow Apt. 035
Lake Paulaland, MP 11518",Odendi
Kathy Young,main,2023-09-17 14:24:49,"0145 Olivia Villages
Shermanborough, CA 38706",Kismen Odendi
Ashley Lee,box,2023-10-19 11:42:43,"151 Turner Brooks
Snowburgh, VA 02750",Kismen Odendi
Steven Baker,understand,2023-06-19 13:56:24,"288 Gallegos Isle
West Scottside, IA 14832",Odenmedi
Justin Brown,lose,2024-02-03 08:19:46,"1105 Eileen Tunnel Suite 608
East Kevinmouth, IA 00801",Odendi
Thomas Curtis,would,2023-10-25 16:23:47,"136 Brian Landing Suite 035
Wangside, MO 74175",Kismen Odendi
Kenneth Pierce,million,2023-03-11 20:35:52,"225 Gordon Mall Apt. 793
Brayborough, PW 67689",Odenmedi
Joseph Morgan,really,2023-07-21 19:11:17,"251 Megan Mill
Mooreborough, WI 52134",Odenmedi
Timothy Adams,foreign,2024-01-28 03:21:15,"Unit 5454 Box 3535
DPO AP 34386",Kismen Odendi
Angela Gray,age,2023-12-12 23:40:29,"0403 Suzanne Groves Suite 663
Ramirezfort, SC 09253",Kismen Odendi
Suzanne Walters,each,2024-01-04 14:34:59,"1970 David Hill
Lake Cassandraton, AZ 97606",Odenmedi
Ricky Robinson,point,2023-09-06 20:43:22,"57212 Robert Circle Apt. 200
Harrisbury, AL 62408",Odenmedi
Kaylee Oconnor,stuff,2023-03-09 04:47:17,"513 Huang Mountains Suite 429
Lake Chasefurt, MS 05706",Odenmedi
Christopher Griffin,approach,2023-12-19 14:53:39,"594 Hubbard Common Apt. 844
Port Graceside, IN 65374",Odendi
Holly Bird,thus,2023-09-17 13:35:38,"0803 Amber Flats Apt. 587
New Kimberly, GA 90827",Kismen Odendi
Jeffrey Carey,attack,2023-08-05 17:24:10,"6274 Adam Station
Stevensberg, MN 55099",Kismen Odendi
Lori Sullivan,affect,2023-08-03 18:16:03,"37920 William Ways
Port Natalieville, IA 38283",Odenmedi
Kathleen Jackson,southern,2023-02-28 15:09:42,"757 Michelle Port
Susanbury, FM 48790",Odendi
Lisa Green,hit,2023-04-08 16:45:18,"7912 Brett Well Apt. 229
East Katherine, GA 47989",Odendi
Victoria David,fish,2023-10-22 23:59:29,"627 Castaneda Roads
Davidburgh, NH 30985",Odenmedi
Megan Massey,throughout,2023-08-11 06:49:13,"USNS Richards
FPO AA 67271",Odendi
Jeffrey Oneal,less,2023-04-23 11:51:43,"PSC 6934, Box 3694
APO AE 30225",Odendi
Emily Mays,cell,2023-08-25 14:35:51,"3063 Russell Mews Suite 608
South Robert, TN 86306",Kismen Odendi
Ryan Clements,attack,2024-01-18 22:54:59,"842 Gross Hill Apt. 824
North Stephanieview, MP 83800",Odendi
Jennifer Hamilton,have,2023-09-06 12:47:46,"53691 Dylan Loop
Olsonville, MP 69210",Odenmedi
Dale Lewis,fear,2023-05-23 11:44:56,"918 David Squares Suite 481
Eatonstad, NJ 36594",Kismen Odendi
Kelly Lee,let,2023-03-12 17:58:26,"17873 Jason Drives
Angelashire, KS 20133",Odendi
Michael King,consumer,2023-03-05 12:21:59,"090 Kaitlyn Springs Suite 609
Sharonmouth, HI 34549",Odenmedi
Jason Wiley,she,2024-02-09 20:17:21,"66860 Scott Courts Apt. 375
Port Daniel, GU 18992",Odenmedi
Michael Sexton,water,2023-11-11 05:09:02,"1835 John Hills Apt. 182
Wrightland, MD 08054",Odendi
Taylor Newman,government,2023-10-19 10:05:06,"1377 Griffin Track Apt. 851
Mooremouth, MT 75392",Kismen Odendi
Jamie Reed,worker,2023-12-18 18:52:40,"6180 Mark Court Suite 750
Alexandramouth, WA 36016",Odendi
Sydney Hernandez,recent,2023-11-07 07:55:23,"956 Mathew Orchard Suite 464
Port Donaldfort, WY 05306",Kismen Odendi
Melissa Miller,field,2023-11-14 02:55:33,"Unit 3824 Box 7312
DPO AP 19965",Odenmedi
Amber Horn,idea,2024-01-25 13:46:00,"888 Morris Meadow Suite 684
Beverlymouth, OH 06820",Odendi
Austin Wells,strategy,2023-11-14 08:11:08,"9521 Amy Square Suite 176
South Wesley, NY 55997",Odendi
Jeremy Dickerson,building,2023-07-18 04:34:06,"726 Medina Circle
Parkerville, MP 79918",Odendi
Elizabeth Golden,ability,2024-01-04 14:06:24,"62051 Mendez Common
West Justin, VI 46309",Odendi
Ralph Flowers,miss,2023-02-20 10:37:46,"414 Abbott Spurs Suite 970
Ramirezbury, AZ 79959",Odendi
Dylan Martin,within,2023-10-13 02:09:19,"21890 Ashley Field
North Johnview, TN 10191",Odendi
Robert Hernandez,deep,2023-05-18 17:19:08,"333 Michelle Mountains
Carolborough, GA 90740",Odenmedi
Sharon Davis,later,2023-07-22 20:30:31,"5572 Corey Circle Apt. 031
Jonesstad, AK 21442",Odendi
Joseph Green,field,2023-03-17 04:24:52,"43698 April Falls
Deleonburgh, NH 92432",Kismen Odendi
Adam Munoz,thing,2024-02-13 06:59:21,"12020 Turner Green
New Melissa, GU 84076",Odendi
Christine Mcdonald,lead,2023-05-25 09:20:46,"675 Maria Canyon Suite 243
Kaitlynmouth, AS 96395",Kismen Odendi
Diane Murphy,have,2023-06-13 16:24:42,"Unit 8963 Box 0102
DPO AP 81809",Odenmedi
Michael Pacheco,poor,2023-06-10 18:49:22,"USNV Ochoa
FPO AE 74769",Odenmedi
Jonathan Smith,admit,2023-08-15 08:07:55,"7949 Danny Wells Suite 085
West Jodihaven, MN 45054",Kismen Odendi
Hayden Johnson,position,2023-02-20 01:00:17,"65630 Cheryl Hills Apt. 501
North Alexaburgh, MN 77003",Odenmedi
Katherine Walker,executive,2024-01-23 08:32:37,"593 Perry Drive
New Kelly, AL 12428",Odenmedi
Taylor Morris,just,2023-03-13 11:47:39,"38210 Robert Estates Apt. 934
Hollymouth, AK 92839",Odenmedi
Richard Hill,reason,2023-07-31 21:50:01,"7525 James Mountain
New Ashleyside, MP 55921",Kismen Odendi
Stephanie Carter,situation,2023-08-25 18:06:34,"Unit 9081 Box 8886
DPO AE 91946",Odendi
Mark Pratt,change,2023-04-20 02:49:33,"2464 Alexander Greens Apt. 920
North Janice, DE 79199",Odendi
Monica Jensen,whose,2023-09-09 12:06:35,"39224 Simpson Port
Melissaton, KS 54222",Odendi
Dennis Bond,little,2024-02-04 13:26:37,"802 Fischer Forest Suite 556
North Brentbury, WV 15675",Odenmedi
Melvin Morrison,official,2023-07-05 02:59:31,"55164 Zachary Glen
West Thomasland, KY 12064",Odendi
Kathleen Young,scene,2023-05-20 01:26:32,"08685 Joe Passage
Charleston, AS 85314",Kismen Odendi
James Cunningham,its,2023-12-05 13:57:30,"3914 Wagner Lock Suite 230
Chrismouth, IA 48983",Odenmedi
Elizabeth Fitzpatrick,agent,2023-07-23 17:47:03,"883 James Expressway
Lake Anthonyburgh, MH 67584",Odendi
Gina Rodriguez,travel,2023-11-20 11:15:54,"716 Kevin Radial
Lake Danielbury, SD 61980",Odendi
Miranda Garcia,outside,2023-10-22 22:31:54,"04601 Johnson Bridge
South Davidshire, ME 87045",Odenmedi
Shannon Morales,without,2023-10-17 21:57:17,"8406 Kirk Points Suite 689
Dennismouth, VA 77394",Odendi
Cynthia Jones,operation,2023-04-25 05:18:07,"91226 Spencer Unions
New Tinaton, MT 55205",Odendi
Meagan Murray,but,2023-09-13 21:56:56,"25652 Maxwell Key
Lake Katrina, AK 88421",Kismen Odendi
Gregory Stanley,thus,2023-10-25 09:51:30,"67520 Anderson Squares
Natalieberg, WI 65127",Kismen Odendi
Kimberly Hicks,stage,2023-08-04 14:13:25,"77434 Taylor Prairie
Lambbury, GU 46025",Kismen Odendi
Richard Sherman,finish,2023-12-29 08:52:15,"9224 Henry Motorway Suite 109
Nicholasfort, NH 16335",Odenmedi
Grace York,whatever,2023-11-03 15:22:09,"6265 Williams Square
Heatherborough, WY 02583",Kismen Odendi
Cheryl Hall,laugh,2023-07-11 03:26:53,"6844 Brown Corners Apt. 377
Daychester, GA 20719",Odenmedi
Robert Washington,rule,2023-03-13 12:42:16,"220 Hernandez Locks Suite 865
West Lindsay, PR 04031",Odenmedi
Mrs. Bethany Martin,indeed,2023-06-18 08:35:32,"507 Hopkins Club
Dorseytown, NV 67194",Odenmedi
Mario Casey,recent,2023-08-27 22:54:31,"4351 Murphy Lock
North Vanessa, MA 36842",Kismen Odendi
Emily Foster,share,2023-06-04 10:26:17,"2315 Mann Summit Suite 718
East Pamelaberg, LA 74852",Kismen Odendi
Rita Evans,or,2023-09-06 11:05:11,"2393 Adams Divide Suite 856
South Tiffany, AL 46544",Odendi
Zachary Barry,physical,2023-11-19 06:40:43,"944 Philip Extensions
Tanyashire, MI 57267",Kismen Odendi
Rebekah Thompson,message,2023-03-01 21:33:33,"3851 Michele Way Apt. 381
East Dannychester, FM 32863",Odendi
Todd Spencer,condition,2023-12-26 10:32:54,"17583 Foster Plaza
Lucasview, ND 95743",Odendi
William Baker,while,2023-05-15 20:25:13,"20956 Williams Lights
Clarkfurt, SC 97230",Odendi
Joel Moore,body,2023-12-22 10:04:38,"7110 Justin Keys
Port Carlmouth, FM 12775",Odendi
Emily Wu,politics,2023-11-27 03:36:30,"970 Michael Burgs
Leeton, FL 82432",Odenmedi
Megan Smith,act,2023-05-13 17:48:22,"32829 Fleming Forges Apt. 616
New Scottton, WY 50557",Kismen Odendi
Kevin Miller,eight,2023-03-31 23:05:45,"924 James Place
East Kelly, GA 51871",Odenmedi
Michelle Kent,gas,2023-04-16 02:01:25,"714 Linda Locks
North James, MS 47458",Kismen Odendi
Rachel Frank,car,2023-06-26 04:25:38,"USNS Reed
FPO AE 88529",Odendi
Elizabeth Stone,question,2023-08-18 21:26:25,"716 Harrison Park Suite 896
South Kylefort, WA 51711",Kismen Odendi
Dustin Ortiz,imagine,2023-05-17 06:36:51,"34272 Mccoy Streets
South Natasha, GU 94233",Kismen Odendi
Mary Lucas,cut,2023-04-23 12:37:28,"74657 Stone Throughway Suite 568
Karenberg, MI 26294",Kismen Odendi
Paul Greer,party,2023-11-27 20:19:30,"921 Charles Glens Apt. 240
Jamesbury, AZ 45910",Kismen Odendi
